ticker,exchange,sector,market_cap,avg_volume,last_updated
A,,Healthcare,37128503358,2301030,2026-07-21
AA,,Basic Materials,11605969764,6632192,2026-07-21
AAOI,,Technology,8217661768,12265365,2026-07-21
AAON,,Industrials,9126602728,992690,2026-07-21
AAP,,Consumer Cyclical,3207100697,1774483,2026-07-21
AAPL,,Technology,4901758191440,62682020,2026-07-21
AAUC,,Basic Materials,2577563800,543061,2026-07-21
ABBV,,Healthcare,449631105016,8078362,2026-07-21
ABM,,Industrials,2787280316,692242,2026-07-21
ABNB,,Consumer Cyclical,86639848659,3767960,2026-07-21
ABT,,Healthcare,175365748344,14411373,2026-07-21
ACA,,Industrials,7078676055,961239,2026-07-21
ACAD,,Healthcare,4381925913,1662186,2026-07-21
ACHC,,Healthcare,3172862431,3242517,2026-07-21
ACIW,,Technology,5902470754,1137714,2026-07-21
ACLS,,Technology,4191488872,658928,2026-07-21
ACM,,Industrials,8776830206,1768558,2026-07-21
ACMR,,Technology,5799668148,1669564,2026-07-21
ACN,,Technology,87856528589,10973126,2026-07-21
ADBE,,Technology,94306875000,7777835,2026-07-21
ADEA,,Technology,2799255349,1865515,2026-07-21
ADI,,Technology,182832991334,5023229,2026-07-21
ADM,,Consumer Defensive,41400065669,3432866,2026-07-21
ADP,,Technology,102038171494,2731290,2026-07-21
ADPT,,Healthcare,3668217464,3510685,2026-07-21
ADSK,,Technology,46103565555,2998807,2026-07-21
AEHR,,Technology,2632504000,2509082,2026-07-21
AEIS,,Industrials,11365027120,930220,2026-07-21
AEM,,Basic Materials,67600165504,2990152,2026-07-21
AER,,Industrials,23174979293,1119189,2026-07-21
AGCO,,Industrials,8350875418,733512,2026-07-21
AGI,,Basic Materials,11711228161,5181018,2026-07-21
AGIO,,Healthcare,2355670432,1148336,2026-07-21
AKAM,,Technology,17473877355,3901113,2026-07-21
ALAB,,Technology,52042878439,5933815,2026-07-21
ALB,,Basic Materials,14244147147,2422247,2026-07-21
ALC,,Healthcare,34170639481,1989584,2026-07-21
ALGM,,Technology,8659645294,3356226,2026-07-21
ALGN,,Healthcare,12654206859,1032622,2026-07-21
ALGT,,Industrials,2712746075,626139,2026-07-21
ALH,,Consumer Cyclical,5064520626,657174,2026-07-21
ALHC,,Healthcare,4257683084,5695845,2026-07-21
ALK,,Industrials,5071132788,3284858,2026-07-21
ALKS,,Healthcare,8787148545,2343839,2026-07-21
ALLE,,Industrials,11793837563,1236981,2026-07-21
ALMS,,Healthcare,3652645226,1711513,2026-07-21
ALNY,,Healthcare,35710607900,1498951,2026-07-21
ALRM,,Technology,2631303015,570786,2026-07-21
ALSN,,Consumer Cyclical,9421527441,1299803,2026-07-21
ALV,,Consumer Cyclical,8803032000,801123,2026-07-21
AMAT,,Technology,420528551693,11792523,2026-07-21
AMBA,,Technology,2712808560,1709949,2026-07-21
AMCR,,Consumer Cyclical,20315469618,3405048,2026-07-21
AMD,,Technology,808386572790,30077084,2026-07-21
AME,,Industrials,54321111474,1160430,2026-07-21
AMGN,,Healthcare,197689743683,2825741,2026-07-21
AMKR,,Technology,15601096282,5791480,2026-07-21
AMRZ,,Basic Materials,28058167069,2957104,2026-07-21
AMTM,,Industrials,5052461476,1940169,2026-07-21
AMX,,Communication Services,78819088880,1236904,2026-07-21
AMZN,,Consumer Cyclical,2659480165862,54914718,2026-07-21
ANET,,Technology,212308558941,8229802,2026-07-21
ANF,,Consumer Cyclical,4231676060,1259754,2026-07-21
AOS,,Industrials,8111214522,1862336,2026-07-21
APD,,Basic Materials,65828864395,1479388,2026-07-21
APG,,Industrials,17381106918,2928847,2026-07-21
APGE,,Healthcare,10130969476,4419720,2026-07-21
APH,,Technology,186011448084,8447466,2026-07-21
APLD,,Technology,7369996410,20370810,2026-07-21
APP,,Communication Services,142619764245,5634965,2026-07-21
APTV,,Consumer Cyclical,12161831686,2838424,2026-07-21
ARM,,Technology,285379963884,9576463,2026-07-21
ARMK,,Industrials,14919985221,2498361,2026-07-21
ARQT,,Healthcare,3561123657,1754978,2026-07-21
ARW,,Technology,10564784583,566024,2026-07-21
ARWR,,Healthcare,10465676660,2547806,2026-07-21
ARXS,,Industrials,17201232007,1229701,2026-07-21
AS,,Consumer Cyclical,21201594554,3715334,2026-07-21
ASH,,Basic Materials,3142873013,1034856,2026-07-21
ASML,,Technology,672304146258,2301884,2026-07-21
ASND,,Healthcare,17119728630,826720,2026-07-21
ASO,,Consumer Cyclical,2999828605,1763955,2026-07-21
ASTH,,Healthcare,2228278804,722939,2026-07-21
ASTS,,Technology,17267540937,22343113,2026-07-21
ASX,,Technology,84237420763,12763165,2026-07-21
ATAT,,Consumer Cyclical,4384672206,908603,2026-07-21
ATEN,,Technology,2589054373,1276990,2026-07-21
ATHM,,Communication Services,2444038563,849987,2026-07-21
ATI,,Industrials,25406699394,1765565,2026-07-21
ATMU,,Consumer Cyclical,4194695902,850629,2026-07-21
ATRO,,Industrials,3316064438,806987,2026-07-21
AU,,Basic Materials,38811706990,3624145,2026-07-21
AUGO,,Basic Materials,4193370000,1157724,2026-07-21
AVAV,,Industrials,7196461866,1983272,2026-07-21
AVGO,,Technology,1764229676923,29030792,2026-07-21
AVNT,,Basic Materials,3390524873,1005661,2026-07-21
AVT,,Technology,7024542296,1300723,2026-07-21
AVY,,Consumer Cyclical,12269822657,739788,2026-07-21
AXGN,,Healthcare,2119668064,1524526,2026-07-21
AXON,,Industrials,41129627851,1089561,2026-07-21
AXSM,,Healthcare,11835746180,1069508,2026-07-21
AXTA,,Basic Materials,6921372196,2044635,2026-07-21
AXTI,,Technology,3001615681,9677197,2026-07-21
AZN,,Healthcare,257838688641,2452927,2026-07-21
B,,Industrials,57734640396,10704164,2026-07-21
BA,,Industrials,168720347903,5405569,2026-07-21
BABA,,Consumer Cyclical,275350070314,14409014,2026-07-21
BAH,,Industrials,7820898813,2403893,2026-07-21
BALL,,Consumer Cyclical,16696318704,2818088,2026-07-21
BAND,,Technology,2299162814,1484814,2026-07-21
BATRK,,Communication Services,3384495023,611006,2026-07-21
BAX,,Healthcare,11677364270,6560791,2026-07-21
BBIO,,Healthcare,15937229261,4163703,2026-07-21
BBUC,,Industrials,6376443790,626394,2026-07-21
BBWI,,Consumer Cyclical,4206595016,5565014,2026-07-21
BBY,,Consumer Cyclical,18001620231,3868957,2026-07-21
BC,,Consumer Cyclical,5227193537,655305,2026-07-21
BCE,,Communication Services,20112657967,3977282,2026-07-21
BCO,,Industrials,4946665083,515419,2026-07-21
BDC,,Technology,3948536215,599102,2026-07-21
BDX,,Healthcare,43582229338,2515177,2026-07-21
BE,,Industrials,61144053865,14508323,2026-07-21
BEAM,,Healthcare,2832264761,2537843,2026-07-21
BF.B,,Consumer Defensive,11830412365,2925838,2026-07-21
BFAM,,Consumer Cyclical,4028619171,995656,2026-07-21
BG,,Consumer Defensive,23117258402,1607950,2026-07-21
BHE,,Technology,2814553474,561880,2026-07-21
BHP,,Basic Materials,201511988780,2829977,2026-07-21
BIDU,,Communication Services,36970306641,2505508,2026-07-21
BIIB,,Healthcare,30411769730,1410485,2026-07-21
BILL,,Technology,4452969664,2624657,2026-07-21
BIRK,,Consumer Cyclical,8158072644,2020805,2026-07-21
BJ,,Consumer Defensive,11926618385,2019726,2026-07-21
BKE,,Consumer Cyclical,2187973112,552498,2026-07-21
BKNG,,Consumer Cyclical,140779914252,7908035,2026-07-21
BLDR,,Industrials,7987396391,2281822,2026-07-21
BLLN,,Healthcare,5988612016,745969,2026-07-21
BLSH,,Technology,3398439433,1624778,2026-07-21
BMRN,,Healthcare,11519752504,1832108,2026-07-21
BMY,,Healthcare,124035407542,12494059,2026-07-21
BNTX,,Healthcare,23133852196,951868,2026-07-21
BOOT,,Consumer Cyclical,4624673536,660877,2026-07-21
BOX,,Technology,4222474684,2403867,2026-07-21
BR,,Technology,17338335303,1431712,2026-07-21
BRKR,,Healthcare,8861053573,2190384,2026-07-21
BROS,,Consumer Cyclical,9378487639,3398687,2026-07-21
BRZE,,Technology,2984739228,2438441,2026-07-21
BSX,,Healthcare,65444218531,19258668,2026-07-21
BSY,,Technology,9824784436,3404542,2026-07-21
BTI,,Consumer Defensive,133018480337,4576397,2026-07-21
BTSG,,Healthcare,13867619391,4676702,2026-07-21
BUD,,Consumer Defensive,156441317440,2136412,2026-07-21
BURL,,Consumer Cyclical,21734573153,668261,2026-07-21
BVN,,Basic Materials,8532576664,1278046,2026-07-21
BWA,,Consumer Cyclical,12807376916,2797700,2026-07-21
BWXT,,Industrials,15682595615,993060,2026-07-21
BYD,,Consumer Cyclical,6520241284,971690,2026-07-21
CAE,,Industrials,7835064688,679333,2026-07-21
CAH,,Healthcare,53520721984,2523794,2026-07-21
CAKE,,Consumer Cyclical,4261513584,1440608,2026-07-21
CALM,,Consumer Defensive,4190222325,852851,2026-07-21
CALX,,Technology,2496439182,1285810,2026-07-21
CAMT,,Technology,6825382457,504201,2026-07-21
CAR,,Industrials,5672133002,618580,2026-07-21
CARG,,Consumer Cyclical,3154744688,1370737,2026-07-21
CARR,,Industrials,57052569255,5762476,2026-07-21
CART,,Consumer Cyclical,10769066077,4415852,2026-07-21
CASY,,Consumer Cyclical,31801653042,613379,2026-07-21
CAT,,Industrials,405449910795,3569226,2026-07-21
CAVA,,Consumer Cyclical,8019224985,3089070,2026-07-21
CBRS,,Technology,38441722807,7118378,2026-07-21
CBT,,Basic Materials,4666059882,600479,2026-07-21
CBZ,,Industrials,2275779211,790504,2026-07-21
CCEP,,Consumer Defensive,46002955652,1956104,2026-07-21
CCK,,Consumer Cyclical,13097820978,1124600,2026-07-21
CCL,,Consumer Cyclical,36172433232,23116479,2026-07-21
CDNA,,Healthcare,2052431180,1068454,2026-07-21
CDNS,,Technology,91049619760,2330212,2026-07-21
CDW,,Technology,17007816931,2012563,2026-07-21
CE,,Basic Materials,5011578032,1713780,2026-07-21
CECO,,Industrials,4668154267,827152,2026-07-21
CELC,,Healthcare,4309964533,1651056,2026-07-21
CELH,,Consumer Defensive,7411014036,8331057,2026-07-21
CENX,,Basic Materials,4107422950,2373990,2026-07-21
CF,,Basic Materials,18653666449,2817829,2026-07-21
CGNX,,Technology,10664158420,2280429,2026-07-21
CGON,,Healthcare,6343521858,1198842,2026-07-21
CHD,,Consumer Defensive,23237059048,1895671,2026-07-21
CHDN,,Consumer Cyclical,5852449364,996056,2026-07-21
CHEF,,Consumer Defensive,3958896111,578425,2026-07-21
CHH,,Consumer Cyclical,5088215937,662695,2026-07-21
CHKP,,Technology,14262212339,1232877,2026-07-21
CHRW,,Industrials,24565920683,1524237,2026-07-21
CHTR,,Communication Services,16156478625,3389943,2026-07-21
CHWY,,Consumer Cyclical,8569248651,10550823,2026-07-21
CHYM,,Technology,8500536990,5745746,2026-07-21
CI,,Healthcare,74452645105,1664315,2026-07-21
CIEN,,Technology,52998829526,3212981,2026-07-21
CIFR,,Technology,7176768161,24283376,2026-07-21
CL,,Consumer Defensive,74401602043,5118390,2026-07-21
CLDX,,Healthcare,2774694745,1166276,2026-07-21
CLMT,,Basic Materials,3735126720,1016829,2026-07-21
CLS,,Technology,34160707187,1817133,2026-07-21
CLX,,Consumer Defensive,11647144528,2497079,2026-07-21
CMC,,Industrials,7346562087,1469932,2026-07-21
CMCSA,,Communication Services,84983317370,39067971,2026-07-21
CMG,,Consumer Cyclical,44177358960,20176859,2026-07-21
CMI,,Industrials,89483150168,1083398,2026-07-21
CNC,,Healthcare,32807872680,5133864,2026-07-21
CNI,,Industrials,77310843135,1714004,2026-07-21
CNK,,Communication Services,3552683628,2499961,2026-07-21
CNM,,Industrials,8468603674,2879607,2026-07-21
CNR,,Industrials,4184839782,642371,2026-07-21
COCO,,Consumer Defensive,4182929973,1174731,2026-07-21
COGT,,Healthcare,6677521596,2941283,2026-07-21
COHR,,Technology,54309475509,5482544,2026-07-21
COHU,,Technology,2414906012,1395978,2026-07-21
COKE,,Consumer Defensive,12030830497,572904,2026-07-21
COLM,,Consumer Cyclical,3247440292,512975,2026-07-21
CON,,Healthcare,4044871865,1038745,2026-07-21
COO,,Healthcare,13995398008,3228222,2026-07-21
COR,,Healthcare,59905350374,1566885,2026-07-21
CORT,,Healthcare,9717466288,1091872,2026-07-21
CORZ,,Technology,6656518014,11444018,2026-07-21
COST,,Consumer Defensive,417255902319,2555995,2026-07-21
CP,,Industrials,82126716419,2623156,2026-07-21
CPAY,,Technology,23908736351,674750,2026-07-21
CPB,,Consumer Defensive,6584393845,10469521,2026-07-21
CPRT,,Industrials,25561655018,13095086,2026-07-21
CRDO,,Technology,37795340366,9611077,2026-07-21
CRH,,Basic Materials,68771166230,4423931,2026-07-21
CRL,,Healthcare,10806430225,858336,2026-07-21
CRM,,Technology,139860630000,15312511,2026-07-21
CRNX,,Healthcare,8875761939,5821389,2026-07-21
CROX,,Consumer Cyclical,6813444533,1142687,2026-07-21
CRS,,Industrials,27713143805,836908,2026-07-21
CRSP,,Healthcare,4705571635,1710082,2026-07-21
CRUS,,Technology,6961466029,608781,2026-07-21
CRWD,,Technology,206788094582,5839081,2026-07-21
CRWV,,Technology,39941205030,28708737,2026-07-21
CSCO,,Technology,441204196400,24873068,2026-07-21
CSL,,Industrials,13976232599,516833,2026-07-21
CSX,,Industrials,94300546942,12074571,2026-07-21
CTAS,,Industrials,81810054150,2378024,2026-07-21
CTSH,,Technology,21166750000,12769663,2026-07-21
CTVA,,Basic Materials,58387986000,4254877,2026-07-21
CVLT,,Technology,6122539851,840391,2026-07-21
CVNA,,Consumer Cyclical,48234859845,10635420,2026-07-21
CVS,,Healthcare,137123907683,8235385,2026-07-21
CWST,,Industrials,6086199154,738021,2026-07-21
CXT,,Industrials,2950197156,1149248,2026-07-21
CXW,,Industrials,3030931299,1444442,2026-07-21
CYTK,,Healthcare,10877939911,2305485,2026-07-21
CZR,,Consumer Cyclical,6082290179,4942451,2026-07-21
DAL,,Industrials,55352130435,8090561,2026-07-21
DAN,,Consumer Cyclical,2857184058,2024164,2026-07-21
DAR,,Consumer Defensive,10028316605,2340157,2026-07-21
DASH,,Consumer Cyclical,80233245468,4740010,2026-07-21
DAVE,,Technology,5599608663,591645,2026-07-21
DBX,,Technology,7143665871,3793199,2026-07-21
DCI,,Industrials,10478359462,865226,2026-07-21
DD,,Basic Materials,18266774761,2333990,2026-07-21
DDOG,,Technology,92083341291,4653168,2026-07-21
DE,,Industrials,161217427707,1224223,2026-07-21
DECK,,Consumer Cyclical,14789433110,2062608,2026-07-21
DELL,,Technology,256092089911,8088525,2026-07-21
DEO,,Consumer Defensive,46202498485,1120918,2026-07-21
DFTX,,Healthcare,5879198719,4006688,2026-07-21
DG,,Consumer Defensive,27738770860,2994477,2026-07-21
DGX,,Healthcare,23321523661,896018,2026-07-21
DHI,,Consumer Cyclical,42363958386,2345070,2026-07-21
DHR,,Healthcare,144264886901,4131687,2026-07-21
DIOD,,Technology,3996732410,609352,2026-07-21
DIS,,Communication Services,169605070782,10916147,2026-07-21
DKNG,,Consumer Cyclical,12373452695,12466406,2026-07-21
DKS,,Consumer Cyclical,19454271441,1152135,2026-07-21
DLB,,Industrials,4641929502,928547,2026-07-21
DLTR,,Consumer Defensive,24202467612,3421506,2026-07-21
DNLI,,Healthcare,3695556226,2065361,2026-07-21
DNTH,,Healthcare,5772754204,1397642,2026-07-21
DOCN,,Technology,13901541695,3526879,2026-07-21
DOCS,,Healthcare,3868296266,3302802,2026-07-21
DOCU,,Technology,10070418625,4315489,2026-07-21
DOV,,Industrials,28841781650,1069345,2026-07-21
DOW,,Basic Materials,21564583824,12007652,2026-07-21
DOX,,Technology,5587411320,1607727,2026-07-21
DPC,,Industrials,6716173739,3133206,2026-07-21
DPZ,,Consumer Cyclical,10716309276,1037676,2026-07-21
DRI,,Consumer Cyclical,22738634145,1537312,2026-07-21
DRS,,Industrials,11774878520,1121887,2026-07-21
DSGX,,Technology,6268823900,555380,2026-07-21
DT,,Technology,12889064161,5213006,2026-07-21
DUOL,,Technology,6236488710,1346143,2026-07-21
DVA,,Healthcare,15209919450,794881,2026-07-21
DXCM,,Healthcare,29577163687,4966895,2026-07-21
DY,,Industrials,12226105645,616927,2026-07-21
DYN,,Healthcare,3923722948,2206054,2026-07-21
EA,,Communication Services,52381985007,2139191,2026-07-21
EAT,,Consumer Cyclical,8120803036,986407,2026-07-21
EBAY,,Consumer Cyclical,49754640000,3385094,2026-07-21
ECG,,Industrials,6800273167,657805,2026-07-21
ECHO,,Communication Services,26671535300,7639484,2026-07-21
ECL,,Basic Materials,76784593670,1606785,2026-07-21
EDU,,Consumer Defensive,7903198959,550317,2026-07-21
EEFT,,Technology,3097028145,673513,2026-07-21
EFX,,Industrials,21085342185,1793416,2026-07-21
EGO,,Basic Materials,7186438696,2704223,2026-07-21
EHC,,Healthcare,11131128766,1116675,2026-07-21
EL,,Consumer Defensive,29714216368,3140233,2026-07-21
ELAN,,Healthcare,12900782728,4717376,2026-07-21
ELF,,Consumer Defensive,4343070551,3454124,2026-07-21
ELV,,Healthcare,80916100791,1818016,2026-07-21
ELVN,,Healthcare,3795515816,1950839,2026-07-21
EMBJ,,Industrials,11229707241,1087712,2026-07-21
EMN,,Basic Materials,7844407256,1202395,2026-07-21
EMR,,Industrials,78156354000,2691953,2026-07-21
ENPH,,Technology,5478852005,6414450,2026-07-21
ENS,,Industrials,7165451565,581009,2026-07-21
ENSG,,Healthcare,10010528112,1119891,2026-07-21
ENTG,,Technology,21130102000,3588374,2026-07-21
EPAM,,Technology,4631993025,1706933,2026-07-21
ERO,,Basic Materials,2489244442,1232441,2026-07-21
ESAB,,Industrials,5578567117,827025,2026-07-21
ESI,,Basic Materials,9113859018,5547964,2026-07-21
ESTA,,Healthcare,2724665506,719370,2026-07-21
ESTC,,Technology,6402381076,1852137,2026-07-21
ETN,,Industrials,155316117000,2395112,2026-07-21
ETSY,,Consumer Cyclical,7980773027,2868337,2026-07-21
EW,,Healthcare,49363334000,4843813,2026-07-21
EWTX,,Healthcare,4283277568,1524889,2026-07-21
EXEL,,Healthcare,14054519465,2657603,2026-07-21
EXLS,,Technology,4305422995,2758788,2026-07-21
EXPD,,Industrials,23908619112,1382883,2026-07-21
EXPE,,Consumer Cyclical,32258333635,1599005,2026-07-21
EXPO,,Industrials,3050411231,620153,2026-07-21
EXTR,,Technology,3967807189,2206165,2026-07-21
FA,,Industrials,3833853000,2240965,2026-07-21
FAST,,Industrials,52199664595,8393844,2026-07-21
FBIN,,Industrials,6137646304,2741724,2026-07-21
FCX,,Basic Materials,83924744918,15351190,2026-07-21
FDX,,Industrials,74679142492,2132021,2026-07-21
FER,,Industrials,45374186423,1634828,2026-07-21
FERG,,Industrials,44997454388,1331189,2026-07-21
FFIV,,Technology,23072086868,569095,2026-07-21
FIG,,Technology,12654618923,21295670,2026-07-21
FIS,,Technology,21662405218,6058867,2026-07-21
FISV,,Technology,26998649311,8526518,2026-07-21
FIVE,,Consumer Cyclical,11204496973,1294574,2026-07-21
FIX,,Industrials,58930969921,525757,2026-07-21
FIZZ,,Consumer Defensive,2905719646,607323,2026-07-21
FLEX,,Technology,43680962627,7861323,2026-07-21
FLR,,Industrials,6854998495,2417101,2026-07-21
FLS,,Industrials,8749668657,1930697,2026-07-21
FLUT,,Consumer Cyclical,18486149425,2630007,2026-07-21
FMS,,Healthcare,12950186458,582403,2026-07-21
FMX,,Consumer Defensive,43954723001,551608,2026-07-21
FN,,Technology,17140589318,1041306,2026-07-21
FND,,Consumer Cyclical,6138666778,2638239,2026-07-21
FNV,,Basic Materials,38212481925,930654,2026-07-21
FORM,,Technology,8220330707,1869264,2026-07-21
FOUR,,Technology,3991038166,1669530,2026-07-21
FOX,,Communication Services,22868338377,2443713,2026-07-21
FOXA,,Communication Services,22868338377,8885836,2026-07-21
FPS,,Industrials,10344252814,8870351,2026-07-21
FROG,,Technology,10723940362,3134690,2026-07-21
FRPT,,Consumer Defensive,2781973398,1423116,2026-07-21
FSLR,,Technology,22779038422,2038440,2026-07-21
FSLY,,Technology,3237202500,5486880,2026-07-21
FSS,,Industrials,7114693117,642917,2026-07-21
FTAI,,Industrials,21281863371,1157467,2026-07-21
FTDR,,Consumer Cyclical,5319592992,661242,2026-07-21
FTNT,,Technology,118403306469,6055349,2026-07-21
FTV,,Technology,18834313877,2738851,2026-07-21
FUL,,Basic Materials,3063730930,909965,2026-07-21
FWONK,,Communication Services,25364437667,2152517,2026-07-21
G,,Technology,5236056093,2527839,2026-07-21
GD,,Industrials,99675158324,1300924,2026-07-21
GDDY,,Technology,12492869064,2367072,2026-07-21
GDS,,Technology,6267917422,2381866,2026-07-21
GE,,Industrials,361932931409,4845964,2026-07-21
GEHC,,Healthcare,28690024943,5103049,2026-07-21
GEN,,Technology,16109081255,6063332,2026-07-21
GEO,,Industrials,3936394646,2267067,2026-07-21
GEV,,Industrials,284262759510,3110953,2026-07-21
GFI,,Basic Materials,28663777633,4133284,2026-07-21
GFL,,Industrials,14280024192,3474639,2026-07-21
GFS,,Technology,31539323880,3287383,2026-07-21
GGG,,Industrials,12379566322,1329179,2026-07-21
GH,,Healthcare,20669676932,3104438,2026-07-21
GIB,,Technology,14070985416,502247,2026-07-21
GIL,,Consumer Cyclical,9879274057,1961705,2026-07-21
GILD,,Healthcare,166718002680,8339099,2026-07-21
GIS,,Consumer Defensive,20264907796,11106190,2026-07-21
GKOS,,Healthcare,9211239262,870030,2026-07-21
GLBE,,Consumer Cyclical,6398717760,1580475,2026-07-21
GLUE,,Healthcare,2074814506,1557118,2026-07-21
GLW,,Technology,133063214123,15609899,2026-07-21
GM,,Consumer Cyclical,68589671383,7904633,2026-07-21
GMAB,,Healthcare,17438868820,1912465,2026-07-21
GME,,Consumer Cyclical,9821851615,4483688,2026-07-21
GMED,,Healthcare,10452336202,1934017,2026-07-21
GNRC,,Industrials,12651468233,966296,2026-07-21
GNTX,,Consumer Cyclical,5185377498,2680916,2026-07-21
GOOG,,Communication Services,4227911519048,22103009,2026-07-21
GOOGL,,Communication Services,4227911519048,33328104,2026-07-21
GPC,,Consumer Cyclical,17178295706,2044165,2026-07-21
GPCR,,Healthcare,3446403297,855752,2026-07-21
GPN,,Industrials,21287155714,3829675,2026-07-21
GRAL,,Healthcare,3116602983,592091,2026-07-21
GRMN,,Technology,48129194769,876764,2026-07-21
GSAT,,Communication Services,10197507556,1420195,2026-07-21
GTLB,,Technology,5526408000,5015858,2026-07-21
GTX,,Consumer Cyclical,5946978740,2730944,2026-07-21
GVA,,Industrials,5425903076,940046,2026-07-21
GWRE,,Technology,12490119727,1915376,2026-07-21
GXO,,Industrials,6218376235,1370889,2026-07-21
H,,Consumer Cyclical,17951910183,866568,2026-07-21
HAE,,Healthcare,3538424236,880721,2026-07-21
HALO,,Healthcare,9228091400,1835543,2026-07-21
HAS,,Consumer Cyclical,11541395746,2034342,2026-07-21
HBM,,Basic Materials,8937972771,5249234,2026-07-21
HCA,,Healthcare,82342496964,1725553,2026-07-21
HCC,,Basic Materials,4166602979,699417,2026-07-21
HD,,Consumer Cyclical,337892930029,4719398,2026-07-21
HGV,,Consumer Cyclical,3921061722,1305076,2026-07-21
HIMS,,Healthcare,7601070703,16359436,2026-07-21
HLT,,Consumer Cyclical,73147974891,2310653,2026-07-21
HMC,,Consumer Cyclical,36945588478,1766446,2026-07-21
HNGE,,Healthcare,6739035434,2189275,2026-07-21
HNI,,Consumer Cyclical,3004264050,754981,2026-07-21
HOG,,Consumer Cyclical,2798031467,2828900,2026-07-21
HON,,Industrials,71292312306,4955410,2026-07-21
HONA,,Industrials,67072374593,2880633,2026-07-21
HPE,,Technology,60675005332,24289177,2026-07-21
HPQ,,Technology,22716743619,16164109,2026-07-21
HQY,,Healthcare,8166258695,947366,2026-07-21
HRB,,Consumer Cyclical,5334069510,2110017,2026-07-21
HRI,,Industrials,4991259332,593355,2026-07-21
HRL,,Consumer Defensive,13972496809,4217478,2026-07-21
HSIC,,Healthcare,10004739183,1361356,2026-07-21
HSY,,Consumer Defensive,34771410827,2264345,2026-07-21
HTFL,,Healthcare,2144809392,1846299,2026-07-21
HTHT,,Consumer Cyclical,13098970265,1810804,2026-07-21
HUBB,,Industrials,25822191166,602808,2026-07-21
HUBG,,Industrials,3132282781,771638,2026-07-21
HUBS,,Technology,11480028176,1617030,2026-07-21
HUM,,Healthcare,48024600000,1497517,2026-07-21
HWM,,Industrials,109001281593,3066769,2026-07-21
HXL,,Industrials,7830095971,1009454,2026-07-21
IBM,,Technology,199885402497,11537513,2026-07-21
ICHR,,Technology,2886991988,1259079,2026-07-21
ICLR,,Healthcare,13114328533,912094,2026-07-21
IDXX,,Healthcare,44761367817,668903,2026-07-21
IDYA,,Healthcare,3465892872,1448607,2026-07-21
IEX,,Industrials,16648945796,691691,2026-07-21
IFF,,Basic Materials,19964731588,1938451,2026-07-21
ILMN,,Healthcare,28240145000,1921030,2026-07-21
IMAX,,Communication Services,2159373721,1015969,2026-07-21
IMNM,,Healthcare,2526050038,1659991,2026-07-21
IMVT,,Healthcare,8265736998,1439863,2026-07-21
INCY,,Healthcare,23428453316,2024696,2026-07-21
INDV,,Healthcare,4792013875,1798410,2026-07-21
INGM,,Technology,6747418210,1419793,2026-07-21
INGR,,Consumer Defensive,6467337296,1010016,2026-07-21
INIO,,Industrials,20812500000,5360579,2026-07-21
INSM,,Healthcare,23478625492,4209745,2026-07-21
INTA,,Technology,2244033646,861290,2026-07-21
INTC,,Technology,477671040000,124390706,2026-07-21
INTU,,Technology,79623885330,5393509,2026-07-21
IONQ,,Technology,12982328791,23470363,2026-07-21
IONS,,Healthcare,8988630420,3361389,2026-07-21
IOT,,Technology,22329450342,6395752,2026-07-21
IP,,Consumer Cyclical,19888657543,5861984,2026-07-21
IQV,,Healthcare,34424794000,1445016,2026-07-21
IR,,Industrials,32183541228,4263357,2026-07-21
IRDM,,Communication Services,4946038776,3029229,2026-07-21
IRON,,Healthcare,2910885179,696383,2026-07-21
IRTC,,Healthcare,3643783799,589555,2026-07-21
ISRG,,Healthcare,122334928883,3139579,2026-07-21
IT,,Technology,9385985318,1430171,2026-07-21
ITRI,,Technology,3812740448,623757,2026-07-21
ITT,,Industrials,17210903381,1038634,2026-07-21
ITW,,Industrials,79419585000,1455607,2026-07-21
J,,Industrials,15557155808,1229683,2026-07-21
JAZZ,,Healthcare,15549247458,827988,2026-07-21
JBHT,,Industrials,27363399000,1096726,2026-07-21
JBL,,Technology,31541961659,1475586,2026-07-21
JBTM,,Industrials,6977086808,550600,2026-07-21
JCI,,Industrials,85696837597,4658405,2026-07-21
JD,,Consumer Cyclical,40514953180,8356747,2026-07-21
JHX,,Basic Materials,14984295349,7426531,2026-07-21
JKHY,,Technology,10775561294,1635371,2026-07-21
JNJ,,Healthcare,609122182341,8844115,2026-07-21
KBH,,Consumer Cyclical,3439475740,1433698,2026-07-21
KBR,,Industrials,4446523791,1711481,2026-07-21
KDP,,Consumer Defensive,42054893248,16113715,2026-07-21
KEX,,Industrials,7708523520,646341,2026-07-21
KEYS,,Technology,53985846751,1548858,2026-07-21
KFY,,Industrials,3997868770,682987,2026-07-21
KGC,,Basic Materials,26637632382,9364433,2026-07-21
KHC,,Consumer Defensive,30687925271,13208180,2026-07-21
KLAC,,Technology,277910050927,13135337,2026-07-21
KLIC,,Technology,5087802301,1201383,2026-07-21
KMB,,Consumer Defensive,35965737680,4639889,2026-07-21
KMT,,Industrials,2571328875,1060069,2026-07-21
KMX,,Consumer Cyclical,8135763133,3619208,2026-07-21
KN,,Technology,3014302051,1110318,2026-07-21
KNF,,Basic Materials,4637357492,586877,2026-07-21
KNSA,,Healthcare,4918647360,877049,2026-07-21
KNX,,Industrials,12460039920,4249530,2026-07-21
KO,,Consumer Defensive,350910466012,19840454,2026-07-21
KOD,,Healthcare,2668344724,833905,2026-07-21
KR,,Consumer Defensive,36035913127,9167975,2026-07-21
KRMN,,Industrials,6118739224,4019339,2026-07-21
KTB,,Consumer Cyclical,4729655759,913821,2026-07-21
KTOS,,Industrials,8631544863,5081779,2026-07-21
KYMR,,Healthcare,9517202931,1083702,2026-07-21
LASR,,Technology,3905739011,1299440,2026-07-21
LAUR,,Consumer Defensive,5102208634,1389098,2026-07-21
LBRDK,,Communication Services,4426134296,1695928,2026-07-21
LCII,,Consumer Cyclical,2629775712,612984,2026-07-21
LDOS,,Technology,13393636419,1835147,2026-07-21
LEA,,Consumer Cyclical,7099477430,612877,2026-07-21
LEGN,,Healthcare,4306163198,2490066,2026-07-21
LEN,,Consumer Cyclical,20156424142,2854338,2026-07-21
LEVI,,Consumer Cyclical,9374959690,3082047,2026-07-21
LFTO,,Communication Services,3837876394,974324,2026-07-21
LGN,,Industrials,5252308307,1616264,2026-07-21
LH,,Healthcare,23235520000,630257,2026-07-21
LHX,,Industrials,52537039131,1389099,2026-07-21
LIF,,Technology,4359504975,696650,2026-07-21
LIN,,Basic Materials,237285886438,2382051,2026-07-21
LITE,,Technology,57013396000,5166252,2026-07-21
LIVN,,Healthcare,4434235187,746339,2026-07-21
LKQ,,Consumer Cyclical,6464043483,2791646,2026-07-21
LLY,,Healthcare,1051461209228,3111915,2026-07-21
LMT,,Industrials,117303846842,1221261,2026-07-21
LNTH,,Healthcare,7004112301,928771,2026-07-21
LOAR,,Industrials,6552776725,835321,2026-07-21
LOGI,,Technology,14728693207,988948,2026-07-21
LOW,,Consumer Cyclical,117036380667,3028764,2026-07-21
LPX,,Industrials,5168603822,1180387,2026-07-21
LQDA,,Healthcare,7108912234,2193857,2026-07-21
LRCX,,Technology,391803894300,13468597,2026-07-21
LRN,,Consumer Defensive,3713269028,866751,2026-07-21
LSCC,,Technology,17157493932,1968127,2026-07-21
LTH,,Consumer Cyclical,9382705406,2924244,2026-07-21
LTM,,Industrials,15311584047,799329,2026-07-21
LULU,,Consumer Cyclical,13210318646,3851886,2026-07-21
LUV,,Industrials,23500240121,6350138,2026-07-21
LVS,,Consumer Cyclical,30057229062,4407212,2026-07-21
LW,,Consumer Defensive,6460426452,1474678,2026-07-21
LYB,,Basic Materials,19099175018,5494668,2026-07-21
LYV,,Communication Services,41939500635,2455006,2026-07-21
M,,Consumer Cyclical,6228738750,5986963,2026-07-21
MAIR,,Industrials,17043111048,2067587,2026-07-21
MAN,,Industrials,2434194280,1491612,2026-07-21
MANE,,Healthcare,4650803436,731394,2026-07-21
MANH,,Technology,9663354444,650070,2026-07-21
MAR,,Consumer Cyclical,96573321287,1599715,2026-07-21
MAS,,Industrials,15866413470,2306741,2026-07-21
MBGL,,Technology,6435200000,19174433,2026-07-21
MBX,,Healthcare,2996264891,1061554,2026-07-21
MCD,,Consumer Cyclical,190209523512,4756985,2026-07-21
MCHP,,Technology,43961957635,12604290,2026-07-21
MCK,,Healthcare,98508043865,1086827,2026-07-21
MD,,Healthcare,2145845534,827917,2026-07-21
MDA,,Industrials,4830087779,1990386,2026-07-21
MDB,,Technology,25121303759,1579159,2026-07-21
MDLN,,Healthcare,33646670180,8560407,2026-07-21
MDLZ,,Consumer Defensive,78302635726,9830559,2026-07-21
MDT,,Healthcare,106499759808,9305456,2026-07-21
MEOH,,Basic Materials,4181277663,1011501,2026-07-21
META,,Communication Services,1639846838616,19833143,2026-07-21
MGA,,Consumer Cyclical,17865155542,1188776,2026-07-21
MGM,,Consumer Cyclical,11802417470,3157390,2026-07-21
MHK,,Consumer Cyclical,6796275667,751874,2026-07-21
MIDD,,Industrials,6019405852,732679,2026-07-21
MIRM,,Healthcare,7241520706,917330,2026-07-21
MKC,,Consumer Defensive,13904951943,4803434,2026-07-21
MKSI,,Technology,21930903245,1425266,2026-07-21
MLI,,Industrials,13073643000,1275522,2026-07-21
MLM,,Basic Materials,33781222881,609572,2026-07-21
MLYS,,Healthcare,2388213196,1605724,2026-07-21
MMM,,Industrials,83367310998,3618527,2026-07-21
MMS,,Industrials,3063103162,740932,2026-07-21
MMSI,,Healthcare,4416248915,816264,2026-07-21
MMYT,,Consumer Cyclical,5186389386,1198833,2026-07-21
MNDY,,Technology,3376347423,1188304,2026-07-21
MNST,,Consumer Defensive,95355790725,6129579,2026-07-21
MO,,Consumer Defensive,123922628549,8025350,2026-07-21
MOD,,Consumer Cyclical,12179600431,1583148,2026-07-21
MOH,,Healthcare,11741777000,1061940,2026-07-21
MOS,,Basic Materials,7033946231,9655488,2026-07-21
MP,,Basic Materials,8053724237,5213176,2026-07-21
MPWR,,Technology,64458560000,1109537,2026-07-21
MRCY,,Industrials,5768958630,771010,2026-07-21
MRK,,Healthcare,314902612912,11476495,2026-07-21
MRNA,,Healthcare,24529326531,8579423,2026-07-21
MRVL,,Technology,165616968691,49921680,2026-07-21
MSFT,,Technology,2925466155129,43049505,2026-07-21
MSGE,,Communication Services,3559718858,556536,2026-07-21
MSI,,Technology,68607633996,1075539,2026-07-21
MSM,,Industrials,6967942601,873070,2026-07-21
MSTR,,Technology,34391406068,24790835,2026-07-21
MT,,Basic Materials,49787599659,1758764,2026-07-21
MTCH,,Communication Services,9132384492,3528075,2026-07-21
MTH,,Consumer Cyclical,4947319455,1029552,2026-07-21
MTN,,Consumer Cyclical,5268773154,894106,2026-07-21
MTSI,,Technology,20398438136,1825837,2026-07-21
MTZ,,Industrials,26043725872,1235423,2026-07-21
MU,,Technology,958798315541,54523224,2026-07-21
MWA,,Industrials,3983753671,1269893,2026-07-21
MXL,,Technology,6428056666,3700221,2026-07-21
NAMS,,Healthcare,3703518054,1065404,2026-07-21
NATL,,Technology,3500234444,664016,2026-07-21
NAVN,,Technology,6602439561,5607243,2026-07-21
NBIS,,Communication Services,45120248054,18451294,2026-07-21
NBIX,,Healthcare,17178964595,1141587,2026-07-21
NEM,,Basic Materials,95759482930,8859562,2026-07-21
NET,,Technology,98552519339,3382804,2026-07-21
NFLX,,Communication Services,290334558505,51038588,2026-07-21
NICE,,Technology,5902544647,598826,2026-07-21
NKE,,Consumer Cyclical,64917903242,25149864,2026-07-21
NKTR,,Healthcare,2303531661,1120031,2026-07-21
NOC,,Industrials,74080400077,1019624,2026-07-21
NOVT,,Technology,5289643894,584401,2026-07-21
NOW,,Technology,106472237920,22680537,2026-07-21
NP,,Basic Materials,4292408230,865821,2026-07-21
NRIX,,Healthcare,2399432510,3013710,2026-07-21
NSC,,Industrials,76397895380,1056949,2026-07-21
NTAP,,Technology,32107357636,3061770,2026-07-21
NTCT,,Technology,2952752379,678250,2026-07-21
NTES,,Communication Services,82794141143,1025936,2026-07-21
NTNX,,Technology,14889253635,3751816,2026-07-21
NTR,,Basic Materials,31860688122,2969536,2026-07-21
NTRA,,Healthcare,38867222520,1497084,2026-07-21
NUE,,Basic Materials,53885786179,1664470,2026-07-21
NVDA,,Technology,4912261010000,146174943,2026-07-21
NVMI,,Technology,13918376053,566588,2026-07-21
NVO,,Healthcare,221802676752,11605157,2026-07-21
NVS,,Healthcare,294731536144,2173926,2026-07-21
NVST,,Healthcare,4351344661,2659884,2026-07-21
NVT,,Industrials,25053732423,2122487,2026-07-21
NWS,,Communication Services,16132247305,1889458,2026-07-21
NWSA,,Communication Services,16132247305,5793350,2026-07-21
NXPI,,Technology,67291116685,4363671,2026-07-21
NXT,,Technology,15635451621,3562237,2026-07-21
NYT,,Communication Services,12290234734,1757079,2026-07-21
OC,,Industrials,11588830387,1301320,2026-07-21
ODFL,,Industrials,48631303296,1811736,2026-07-21
OKTA,,Technology,25958129961,3352375,2026-07-21
OLED,,Technology,3748486440,758876,2026-07-21
OLLI,,Consumer Defensive,4018934852,2497344,2026-07-21
OLN,,Basic Materials,2506474955,3377516,2026-07-21
OMC,,Communication Services,23293556399,4453253,2026-07-21
OMCL,,Healthcare,2085207977,729602,2026-07-21
ON,,Technology,34003146046,13416493,2026-07-21
ONON,,Consumer Cyclical,12399866215,4516983,2026-07-21
ONTO,,Technology,13920737224,1396584,2026-07-21
OPCH,,Healthcare,3412992799,2671263,2026-07-21
OPLN,,Consumer Cyclical,4180633342,1070117,2026-07-21
OR,,Basic Materials,5236466159,1134911,2026-07-21
ORCL,,Technology,364120339110,36761413,2026-07-21
ORKA,,Healthcare,5595756730,1631415,2026-07-21
ORLY,,Consumer Cyclical,71310932547,8879631,2026-07-21
OSCR,,Healthcare,8773446300,6383858,2026-07-21
OSK,,Industrials,8957389050,679185,2026-07-21
OSW,,Consumer Cyclical,2681007082,945297,2026-07-21
OTEX,,Technology,5575576659,1911803,2026-07-21
OTIS,,Industrials,28183945782,3734918,2026-07-21
OUST,,Technology,2492600318,5114941,2026-07-21
P,,Technology,23062254182,3191075,2026-07-21
PAAS,,Basic Materials,17373972670,4843391,2026-07-21
PACS,,Healthcare,7301104704,964418,2026-07-21
PANW,,Technology,292324200000,7392830,2026-07-21
PATK,,Consumer Cyclical,2920786211,780201,2026-07-21
PAY,,Technology,3746006455,1290092,2026-07-21
PAYC,,Technology,6898012878,994795,2026-07-21
PAYX,,Technology,40677084000,3591592,2026-07-21
PBH,,Healthcare,2364818526,660044,2026-07-21
PBLS,,Healthcare,3614332778,1010207,2026-07-21
PCAR,,Industrials,66417322099,3217282,2026-07-21
PCOR,,Technology,6933405425,3186249,2026-07-21
PCTY,,Technology,6740661461,783204,2026-07-21
PCVX,,Healthcare,8116593705,1662813,2026-07-21
PDD,,Consumer Cyclical,119764578312,8137456,2026-07-21
PDFS,,Technology,2137765783,760180,2026-07-21
PEGA,,Technology,5374452200,2401386,2026-07-21
PENG,,Technology,3092496884,4501852,2026-07-21
PENN,,Consumer Cyclical,2752488923,3718861,2026-07-21
PEP,,Consumer Defensive,187153930432,10011823,2026-07-21
PFE,,Healthcare,142771076433,47677911,2026-07-21
PFGC,,Consumer Defensive,17556361747,1626981,2026-07-21
PG,,Consumer Defensive,349243274720,9193358,2026-07-21
PGNY,,Healthcare,2502327559,1348154,2026-07-21
PH,,Industrials,120186806858,634692,2026-07-21
PHG,,Healthcare,26189117870,1004535,2026-07-21
PHM,,Consumer Cyclical,24016519386,1792702,2026-07-21
PII,,Consumer Cyclical,4164067424,840064,2026-07-21
PINS,,Communication Services,12995649985,15903566,2026-07-21
PKG,,Consumer Cyclical,20766221656,620409,2026-07-21
PL,,Industrials,8008364759,14749695,2026-07-21
PLNT,,Consumer Cyclical,4143071341,1786128,2026-07-21
PLTR,,Technology,317356159514,41348100,2026-07-21
PM,,Consumer Defensive,300770686101,5162738,2026-07-21
PNR,,Industrials,10092266035,2831838,2026-07-21
PODD,,Healthcare,11367025650,1533142,2026-07-21
POOL,,Industrials,7331238913,1094914,2026-07-21
POST,,Consumer Defensive,3936719819,839497,2026-07-21
POWI,,Technology,3924358473,1001180,2026-07-21
POWL,,Industrials,8480559254,833688,2026-07-21
PPC,,Consumer Defensive,6927097312,1658680,2026-07-21
PPG,,Basic Materials,26159544000,1942219,2026-07-21
PPLI,,Communication Services,3312847133,913631,2026-07-21
PRAX,,Healthcare,8765644121,548078,2026-07-21
PRIM,,Industrials,4663754212,2468711,2026-07-21
PRKS,,Consumer Cyclical,2126283668,798982,2026-07-21
PRM,,Basic Materials,5614833508,1806825,2026-07-21
PRMB,,Consumer Defensive,9006397708,3063620,2026-07-21
PRVA,,Healthcare,3385952489,1264670,2026-07-21
PSN,,Technology,5996146102,1034886,2026-07-21
PTC,,Technology,14365455226,1985402,2026-07-21
PTCT,,Healthcare,6518988473,2310575,2026-07-21
PTGX,,Healthcare,9062115569,869382,2026-07-21
PTRN,,Technology,4966252878,2455167,2026-07-21
PVH,,Consumer Cyclical,3603347389,1062905,2026-07-21
PWR,,Industrials,94317305450,1323407,2026-07-21
QCOM,,Technology,181056120000,19418548,2026-07-21
QGEN,,Healthcare,8487187500,2893077,2026-07-21
QLYS,,Technology,5613590915,790516,2026-07-21
QRVO,,Technology,7542639427,1272521,2026-07-21
QSR,,Consumer Cyclical,25706680481,3444600,2026-07-21
QTWO,,Technology,3434259205,767353,2026-07-21
QURE,,Healthcare,2767704265,2415590,2026-07-21
RAL,,Technology,7854348995,1603245,2026-07-21
RAMP,,Technology,2302585612,1200750,2026-07-21
RARE,,Healthcare,2882779586,2670985,2026-07-21
RBA,,Industrials,20540634641,1123924,2026-07-21
RBLX,,Communication Services,37001781541,10440960,2026-07-21
RBRK,,Technology,16254281856,3779168,2026-07-21
RCI,,Communication Services,18557724045,1209804,2026-07-21
RCL,,Consumer Cyclical,76961230886,2508361,2026-07-21
RCUS,,Healthcare,3442411443,1451844,2026-07-21
RDDT,,Communication Services,34878787866,4177518,2026-07-21
RDNT,,Healthcare,4890263136,964008,2026-07-21
REGN,,Healthcare,70943524563,944877,2026-07-21
RELX,,Industrials,57598330089,2745146,2026-07-21
RELY,,Technology,5080838836,4111037,2026-07-21
REYN,,Consumer Cyclical,5528428298,1230801,2026-07-21
REZI,,Industrials,5425602895,1628739,2026-07-21
RGEN,,Healthcare,8306039715,999281,2026-07-21
RGLD,,Basic Materials,16054215100,771734,2026-07-21
RH,,Consumer Cyclical,3555858401,987683,2026-07-21
RHI,,Industrials,4275872020,2382544,2026-07-21
RIO,,Basic Materials,144394888759,2888980,2026-07-21
RKLB,,Industrials,42250242184,26765902,2026-07-21
RL,,Consumer Cyclical,22642993835,690897,2026-07-21
RMBS,,Technology,10945623799,3548934,2026-07-21
RMD,,Healthcare,28864769852,1557311,2026-07-21
RNG,,Technology,3465037517,1516021,2026-07-21
ROAD,,Industrials,5909576580,850144,2026-07-21
ROIV,,Healthcare,24832810042,5806650,2026-07-21
ROK,,Industrials,51391875193,832061,2026-07-21
ROKU,,Communication Services,21425059034,6443303,2026-07-21
ROL,,Consumer Cyclical,21718825837,4603119,2026-07-21
ROP,,Technology,36647129747,1157560,2026-07-21
ROST,,Consumer Cyclical,74889550002,3125976,2026-07-21
RPM,,Basic Materials,13410995457,815100,2026-07-21
RPRX,,Healthcare,25802985593,3450026,2026-07-21
RRR,,Consumer Cyclical,3787403770,745385,2026-07-21
RRX,,Industrials,13767253392,1099028,2026-07-21
RSG,,Industrials,68396803180,1545012,2026-07-21
RSI,,Consumer Cyclical,3345991122,3159096,2026-07-21
RTO,,Industrials,14947604521,819402,2026-07-21
RTX,,Industrials,260596710152,5023140,2026-07-21
RUSHA,,Consumer Cyclical,5956418627,558292,2026-07-21
RVMD,,Healthcare,39579083330,2917531,2026-07-21
RVTY,,Healthcare,12288308995,1381226,2026-07-21
RXO,,Industrials,4830515938,1951382,2026-07-21
RYAAY,,Industrials,30706620165,1410016,2026-07-21
RYTM,,Healthcare,7312074988,925602,2026-07-21
SA,,Basic Materials,2613061003,806118,2026-07-21
SAIC,,Technology,4883395362,563702,2026-07-21
SANM,,Technology,10571617251,1303686,2026-07-21
SAP,,Technology,183380738443,2655954,2026-07-21
SARO,,Industrials,8886975811,3878608,2026-07-21
SBLK,,Industrials,2777120057,1236491,2026-07-21
SBUX,,Consumer Cyclical,120226953000,7379324,2026-07-21
SCCO,,Basic Materials,143904980714,1370200,2026-07-21
SCI,,Consumer Cyclical,10861076962,1567379,2026-07-21
SE,,Consumer Cyclical,63729014513,4303375,2026-07-21
SEDG,,Technology,3247083804,2535021,2026-07-21
SFD,,Consumer Defensive,10139909067,1313016,2026-07-21
SFM,,Consumer Defensive,7126677129,2217568,2026-07-21
SGI,,Consumer Cyclical,15299882160,2646304,2026-07-21
SHAK,,Consumer Cyclical,2340342456,2008269,2026-07-21
SHAZ,,Technology,2259017747,1746934,2026-07-21
SHOO,,Consumer Cyclical,3173369631,1126872,2026-07-21
SHOP,,Technology,160338203611,8166668,2026-07-21
SHW,,Basic Materials,81715313949,2542259,2026-07-21
SIG,,Consumer Cyclical,3560582611,854557,2026-07-21
SIMO,,Technology,8956754615,841790,2026-07-21
SION,,Healthcare,2228168785,518745,2026-07-21
SIRI,,Communication Services,10297203842,5563473,2026-07-21
SITE,,Industrials,4596092594,781866,2026-07-21
SITM,,Technology,16618123720,606221,2026-07-21
SJM,,Consumer Defensive,11971706086,1703005,2026-07-21
SKE,,Basic Materials,3085284771,1060022,2026-07-21
SKM,,Communication Services,12433103070,2688603,2026-07-21
SKY,,Consumer Cyclical,4539756790,813936,2026-07-21
SLGN,,Consumer Cyclical,4985970982,1003786,2026-07-21
SMCI,,Technology,15641389792,60445202,2026-07-21
SMG,,Basic Materials,4129753888,914568,2026-07-21
SMTC,,Technology,11630389080,3968475,2026-07-21
SN,,Consumer Cyclical,21869144166,1689296,2026-07-21
SNDR,,Industrials,6687997322,1092077,2026-07-21
SNDX,,Healthcare,2020308615,2127165,2026-07-21
SNN,,Healthcare,12809515083,1532991,2026-07-21
SNOW,,Technology,93200740000,6177162,2026-07-21
SNPS,,Technology,73580717614,2009175,2026-07-21
SNX,,Technology,19399592410,948078,2026-07-21
SOLS,,Technology,9273209037,3410654,2026-07-21
SOLV,,Healthcare,14080835832,1344615,2026-07-21
SON,,Consumer Cyclical,5593001736,1257721,2026-07-21
SONY,,Technology,125957742050,5325371,2026-07-21
SPCX,,Industrials,1633467483078,133707882,2026-07-21
SPHR,,Communication Services,5104683991,689539,2026-07-21
SPOT,,Communication Services,98315175966,1721985,2026-07-21
SPSC,,Technology,2407986124,720515,2026-07-21
SPXC,,Industrials,10600228361,901964,2026-07-21
SQM,,Basic Materials,19940375376,1090768,2026-07-21
SRRK,,Healthcare,6332927663,1566320,2026-07-21
SSNC,,Technology,16766865795,1997011,2026-07-21
SSRM,,Basic Materials,5238064368,3466546,2026-07-21
ST,,Technology,6551713672,1816201,2026-07-21
STE,,Healthcare,21230181011,831498,2026-07-21
STLD,,Basic Materials,33943362263,1304376,2026-07-21
STM,,Technology,54669178324,12682067,2026-07-21
STN,,Industrials,7824078307,520538,2026-07-21
STRL,,Industrials,19594822786,835122,2026-07-21
STX,,Technology,178209741688,4875983,2026-07-21
STZ,,Consumer Defensive,22691330525,2501310,2026-07-21
SUNB,,Industrials,30080524471,4822226,2026-07-21
SUPN,,Healthcare,2788228196,853729,2026-07-21
SW,,Consumer Cyclical,23233758655,6072001,2026-07-21
SWK,,Industrials,14017428205,1643588,2026-07-21
SWKS,,Technology,8926593904,5491229,2026-07-21
SXT,,Basic Materials,4642145088,527933,2026-07-21
SYK,,Healthcare,122625606940,2591865,2026-07-21
SYM,,Industrials,5247635703,1982830,2026-07-21
SYNA,,Technology,4454902884,1254155,2026-07-21
SYRE,,Healthcare,8690204187,1685293,2026-07-21
SYY,,Consumer Defensive,39062737247,3468884,2026-07-21
T,,Communication Services,151543269991,71069066,2026-07-21
TAP,,Consumer Defensive,7676656575,3389422,2026-07-21
TARS,,Healthcare,2611318462,1163430,2026-07-21
TBBB,,Consumer Defensive,4911727452,638516,2026-07-21
TCOM,,Consumer Cyclical,27175627399,3604005,2026-07-21
TDC,,Technology,2871932000,3295867,2026-07-21
TDS,,Communication Services,3907332000,1123818,2026-07-21
TEAM,,Technology,23674003845,4102783,2026-07-21
TECH,,Healthcare,11237064222,6567407,2026-07-21
TECK,,Basic Materials,26629876970,3211860,2026-07-21
TEL,,Technology,59345334894,2409597,2026-07-21
TEM,,Healthcare,9421763323,6255046,2026-07-21
TENB,,Technology,4398749002,3330103,2026-07-21
TER,,Technology,50462148631,4907425,2026-07-21
TEVA,,Healthcare,37985840621,5527653,2026-07-21
TEX,,Industrials,7468621904,1435424,2026-07-21
TFPM,,Basic Materials,5578029123,752645,2026-07-21
TGT,,Consumer Defensive,63405079235,4640080,2026-07-21
TGTX,,Healthcare,8397950881,2742161,2026-07-21
THC,,Healthcare,16788962670,1296044,2026-07-21
THO,,Consumer Cyclical,3970415838,824613,2026-07-21
TIGO,,Communication Services,16476025602,1610539,2026-07-21
TJX,,Consumer Cyclical,170632648729,5981986,2026-07-21
TKO,,Communication Services,13878765302,1558710,2026-07-21
TKR,,Industrials,9574953587,992897,2026-07-21
TM,,Consumer Cyclical,212232482215,542506,2026-07-21
TMDX,,Healthcare,2556816195,1031008,2026-07-21
TMHC,,Consumer Cyclical,6635956826,3555374,2026-07-21
TMO,,Healthcare,197880997683,2057979,2026-07-21
TMUS,,Communication Services,208248653692,5692830,2026-07-21
TNGX,,Healthcare,4640217496,5440446,2026-07-21
TNL,,Consumer Cyclical,4573845239,737675,2026-07-21
TOL,,Consumer Cyclical,14091687960,1145745,2026-07-21
TOST,,Technology,17446400000,12714651,2026-07-21
TPC,,Industrials,4136567949,548716,2026-07-21
TPR,,Consumer Cyclical,28581245242,2827682,2026-07-21
TREX,,Industrials,4688949639,2121352,2026-07-21
TRI,,Industrials,41412305816,2083409,2026-07-21
TRMB,,Technology,12294301512,3161739,2026-07-21
TRN,,Industrials,2899565694,759909,2026-07-21
TSCO,,Consumer Cyclical,15979979799,11636097,2026-07-21
TSEM,,Technology,26771244603,1929483,2026-07-21
TSLA,,Consumer Cyclical,1430329879031,44696361,2026-07-21
TSM,,Technology,1856771642854,15300710,2026-07-21
TSN,,Consumer Defensive,20342515552,3349116,2026-07-21
TT,,Industrials,103891653080,1335024,2026-07-21
TTAN,,Technology,7249262027,1869848,2026-07-21
TTC,,Industrials,8991572600,842241,2026-07-21
TTEK,,Industrials,8198385241,3371701,2026-07-21
TTMI,,Technology,13708207788,2788764,2026-07-21
TTWO,,Communication Services,43943585798,2625489,2026-07-21
TVTX,,Healthcare,5272697713,2016107,2026-07-21
TWLO,,Technology,31383798770,2084752,2026-07-21
TWST,,Healthcare,5844785532,1969274,2026-07-21
TXG,,Healthcare,5553063706,3422141,2026-07-21
TXN,,Technology,258484554499,9231243,2026-07-21
TXRH,,Consumer Cyclical,12950377395,1117458,2026-07-21
TXT,,Industrials,15907363981,1560518,2026-07-21
TYL,,Technology,13144818728,873151,2026-07-21
U,,Technology,12655149563,7377111,2026-07-21
UAL,,Industrials,37460213126,5523716,2026-07-21
UBER,,Technology,147499504481,20238808,2026-07-21
UCTT,,Technology,4138553456,1539455,2026-07-21
UFPI,,Basic Materials,4851086954,500250,2026-07-21
UHS,,Healthcare,9150674816,930666,2026-07-21
UL,,Consumer Defensive,132827221019,3997377,2026-07-21
ULS,,Industrials,17689178972,1169332,2026-07-21
ULTA,,Consumer Cyclical,20616383876,726495,2026-07-21
UMC,,Technology,56488962176,19056788,2026-07-21
UNFI,,Consumer Defensive,2971489774,781130,2026-07-21
UNH,,Healthcare,386951249100,6682397,2026-07-21
UNP,,Industrials,179152962022,2697070,2026-07-21
UPS,,Industrials,100062739163,4952525,2026-07-21
URBN,,Consumer Cyclical,6249648357,1193474,2026-07-21
USFD,,Consumer Defensive,21420960479,3019046,2026-07-21
UTHR,,Healthcare,22737016998,517262,2026-07-21
UTI,,Consumer Defensive,2219524268,1052713,2026-07-21
VC,,Consumer Cyclical,2797800341,654482,2026-07-21
VCEL,,Healthcare,2381311471,650229,2026-07-21
VCYT,,Healthcare,4718937143,1359714,2026-07-21
VECO,,Technology,3189609926,1722561,2026-07-21
VEEV,,Healthcare,31738170195,2307894,2026-07-21
VERA,,Healthcare,2760770487,2151732,2026-07-21
VGNT,,Consumer Cyclical,2836455336,1617464,2026-07-21
VIAV,,Technology,9411057433,7893892,2026-07-21
VICR,,Technology,10813732996,870301,2026-07-21
VIK,,Consumer Cyclical,43295087312,2440729,2026-07-21
VKTX,,Healthcare,4305197242,2667685,2026-07-21
VLTO,,Industrials,23039667143,2253416,2026-07-21
VMC,,Basic Materials,37412225992,1191400,2026-07-21
VNT,,Technology,4273280000,1720700,2026-07-21
VRNS,,Technology,5458264691,2242639,2026-07-21
VRSK,,Industrials,26293462851,2788465,2026-07-21
VRSN,,Technology,25267060000,804802,2026-07-21
VRT,,Industrials,111222548760,6426890,2026-07-21
VRTX,,Healthcare,123260600766,1783901,2026-07-21
VSAT,,Technology,9763314449,3105556,2026-07-21
VSEC,,Industrials,5600488110,534325,2026-07-21
VSH,,Technology,5799218549,8245077,2026-07-21
VSNT,,Communication Services,5074118817,2085521,2026-07-21
VSXY,,Consumer Cyclical,6474600594,1990406,2026-07-21
VVV,,Consumer Cyclical,5097617077,2166203,2026-07-21
VVX,,Industrials,2367385695,555807,2026-07-21
VZ,,Communication Services,182012612886,31775249,2026-07-21
W,,Consumer Cyclical,11788607325,3209255,2026-07-21
WAB,,Industrials,44469038839,827948,2026-07-21
WAT,,Healthcare,36228616777,862835,2026-07-21
WAY,,Healthcare,4273591211,2715475,2026-07-21
WBD,,Communication Services,67366763182,24013581,2026-07-21
WCC,,Industrials,15968385891,682175,2026-07-21
WCN,,Industrials,43679049581,1642431,2026-07-21
WDAY,,Technology,35756820289,4807348,2026-07-21
WDC,,Technology,164489206555,9642676,2026-07-21
WERN,,Industrials,2760103294,1053846,2026-07-21
WEX,,Technology,5695975894,625141,2026-07-21
WH,,Consumer Cyclical,5731318501,1458130,2026-07-21
WHR,,Consumer Cyclical,2478836147,2505484,2026-07-21
WING,,Consumer Cyclical,3876009268,1117245,2026-07-21
WIX,,Technology,2153157340,1473106,2026-07-21
WK,,Technology,3208903631,970810,2026-07-21
WLK,,Basic Materials,9946184142,1098319,2026-07-21
WLY,,Communication Services,2575079855,640340,2026-07-21
WM,,Industrials,96101093211,2189895,2026-07-21
WMG,,Communication Services,14777367907,2000674,2026-07-21
WMS,,Industrials,11301696715,936199,2026-07-21
WMT,,Consumer Defensive,909130962667,23031286,2026-07-21
WPM,,Basic Materials,46688806078,2204534,2026-07-21
WRBY,,Healthcare,3240909382,3511984,2026-07-21
WSC,,Industrials,4927580135,1926023,2026-07-21
WSM,,Consumer Cyclical,26894503418,1216335,2026-07-21
WST,,Healthcare,25308794432,764289,2026-07-21
WWD,,Industrials,23408914429,829994,2026-07-21
WYNN,,Consumer Cyclical,10028911623,1451746,2026-07-21
XENE,,Healthcare,6597423787,1743972,2026-07-21
XMTR,,Industrials,5443926747,811658,2026-07-21
XPO,,Industrials,25245494114,1344825,2026-07-21
XYL,,Industrials,29184007070,1923570,2026-07-21
XYZ,,Technology,47578769140,5757869,2026-07-21
YETI,,Consumer Cyclical,3867462389,1208518,2026-07-21
YOU,,Technology,5645821207,1458000,2026-07-21
YUM,,Consumer Cyclical,40769888199,2674145,2026-07-21
YUMC,,Consumer Cyclical,15082432517,1778587,2026-07-21
Z,,Communication Services,7752072541,4378368,2026-07-21
ZBH,,Healthcare,17628301359,2322097,2026-07-21
ZBRA,,Technology,12732882015,802833,2026-07-21
ZETA,,Technology,5403905222,8884655,2026-07-21
ZG,,Communication Services,7752072541,1321394,2026-07-21
ZIM,,Industrials,2928627883,1130505,2026-07-21
ZLAB,,Healthcare,2232154697,980729,2026-07-21
ZM,,Technology,26722252025,3748569,2026-07-21
ZS,,Technology,24246726178,3584377,2026-07-21
ZTO,,Industrials,18350242657,1447639,2026-07-21
ZTS,,Healthcare,32096104714,6759836,2026-07-21
ZWS,,Industrials,7964796407,1029546,2026-07-21
