begins_at,open_price,close_price,high_price,low_price,volume,session
2025-07-09T00:00:00Z,179.000000,176.090000,180.440000,175.660000,1272738,reg
2025-07-10T00:00:00Z,179.260000,182.970000,186.161600,179.050000,2147947,reg
2025-07-11T00:00:00Z,182.820000,183.640000,185.860000,180.805000,1265762,reg
2025-07-14T00:00:00Z,183.640000,183.560000,184.750000,182.210300,1089779,reg
2025-07-15T00:00:00Z,183.500000,178.990000,183.725000,178.560000,1615790,reg
2025-07-16T00:00:00Z,179.900000,178.300000,180.400000,177.000000,1148811,reg
2025-07-17T00:00:00Z,178.280000,182.080000,183.030000,177.615000,1324023,reg
2025-07-18T00:00:00Z,183.510000,184.930000,185.060000,181.996400,1155218,reg
2025-07-21T00:00:00Z,185.180000,185.470000,186.620000,184.000000,1196225,reg
2025-07-22T00:00:00Z,185.410000,189.440000,190.890000,185.140000,1398408,reg
2025-07-23T00:00:00Z,190.150000,192.190000,192.310000,189.160000,1260692,reg
2025-07-24T00:00:00Z,192.370000,190.480000,193.790000,189.825600,1944521,reg
2025-07-25T00:00:00Z,192.090000,187.340000,192.580000,186.890000,1419387,reg
2025-07-28T00:00:00Z,187.530000,187.160000,188.845000,186.120000,1302203,reg
2025-07-29T00:00:00Z,187.350000,182.810000,188.480000,182.590000,1262400,reg
2025-07-30T00:00:00Z,179.880000,179.790000,182.040000,177.240000,1993413,reg
2025-07-31T00:00:00Z,180.340000,180.220000,183.340000,179.460000,1308307,reg
2025-08-01T00:00:00Z,177.270000,178.060000,178.250000,174.050000,1674169,reg
2025-08-04T00:00:00Z,179.730000,184.990000,185.640000,179.605000,1496589,reg
2025-08-05T00:00:00Z,185.800000,181.840000,186.410000,180.430000,1582077,reg
2025-08-06T00:00:00Z,182.760000,185.140000,185.620000,182.150000,1797487,reg
2025-08-07T00:00:00Z,184.500000,187.610000,188.170000,181.580000,4382864,reg
2025-08-08T00:00:00Z,211.600000,195.260000,213.000000,191.150000,6980139,reg
2025-08-11T00:00:00Z,193.430000,192.630000,198.160000,192.320000,2348945,reg
2025-08-12T00:00:00Z,193.310000,203.190000,203.440000,192.830000,2431519,reg
2025-08-13T00:00:00Z,204.000000,209.680000,210.280000,202.520000,2411927,reg
2025-08-14T00:00:00Z,208.990000,207.200000,210.830000,206.820000,2379571,reg
2025-08-15T00:00:00Z,208.660000,207.440000,210.489900,207.000100,1603233,reg
2025-08-18T00:00:00Z,206.980000,206.670000,207.950000,205.480000,1470392,reg
2025-08-19T00:00:00Z,205.950000,208.040000,209.551200,204.640000,1726936,reg
2025-08-20T00:00:00Z,206.980000,205.680000,207.500000,204.030000,1350789,reg
2025-08-21T00:00:00Z,205.310000,205.350000,206.190000,204.165000,1134295,reg
2025-08-22T00:00:00Z,206.060000,214.810000,216.602000,204.790000,2218529,reg
2025-08-25T00:00:00Z,214.840000,213.350000,216.000000,211.750000,1581408,reg
2025-08-26T00:00:00Z,213.000000,213.630000,214.460000,211.880000,1651399,reg
2025-08-27T00:00:00Z,213.630000,212.210000,214.870000,211.215000,1389863,reg
2025-08-28T00:00:00Z,212.920000,214.710000,215.270000,210.280000,1419961,reg
2025-08-29T00:00:00Z,215.000000,214.800000,216.210000,213.500000,1255644,reg
2025-09-02T00:00:00Z,209.825000,212.120000,212.720000,209.010100,1120765,reg
2025-09-03T00:00:00Z,212.400000,212.535000,214.799900,210.030000,1191273,reg
2025-09-04T00:00:00Z,213.460000,216.520000,217.000000,212.490000,1103669,reg
2025-09-05T00:00:00Z,215.920000,214.950000,219.100000,211.530000,1353227,reg
2025-09-08T00:00:00Z,214.870000,217.200000,217.780000,214.040000,1358876,reg
2025-09-09T00:00:00Z,217.110000,217.700000,218.000000,215.867000,1168471,reg
2025-09-10T00:00:00Z,217.190000,215.490000,218.520000,212.300100,1076074,reg
2025-09-11T00:00:00Z,216.230000,221.360000,222.100000,215.980000,1049880,reg
2025-09-12T00:00:00Z,221.360000,222.190000,223.220000,219.550000,970090,reg
2025-09-15T00:00:00Z,222.350000,228.240000,229.000000,221.245000,2734172,reg
2025-09-16T00:00:00Z,227.960000,224.980000,228.709900,222.760000,1506136,reg
2025-09-17T00:00:00Z,224.980000,225.180000,228.175000,222.970000,1186799,reg
2025-09-18T00:00:00Z,226.040000,221.920000,226.985000,221.240000,1682506,reg
2025-09-19T00:00:00Z,223.450000,222.430000,225.100000,219.940000,3559973,reg
2025-09-22T00:00:00Z,222.710000,223.510000,224.210000,219.020000,1842676,reg
2025-09-23T00:00:00Z,222.760000,221.220000,225.430000,219.400000,1482339,reg
2025-09-24T00:00:00Z,222.310000,217.830000,223.270000,217.630000,1327127,reg
2025-09-25T00:00:00Z,214.630000,215.190000,217.460000,212.540000,1585385,reg
2025-09-26T00:00:00Z,216.070000,222.870000,223.940000,215.955000,1153956,reg
2025-09-29T00:00:00Z,224.500000,220.510000,224.970000,220.160000,1605349,reg
2025-09-30T00:00:00Z,220.550000,213.750000,221.690000,210.270000,2587612,reg
2025-10-01T00:00:00Z,214.030000,217.950000,218.710000,212.550000,1954227,reg
2025-10-02T00:00:00Z,218.400000,217.690000,218.400000,211.510000,2065659,reg
2025-10-03T00:00:00Z,218.680000,219.230000,223.280000,216.050000,1801197,reg
2025-10-06T00:00:00Z,220.310000,223.830000,240.980000,216.840000,3741998,reg
2025-10-07T00:00:00Z,223.250000,216.160000,223.461500,211.390000,1810455,reg
2025-10-08T00:00:00Z,217.740000,212.410000,217.740000,212.370000,1170405,reg
2025-10-09T00:00:00Z,214.705000,216.810000,216.990000,213.246100,1206739,reg
2025-10-10T00:00:00Z,215.500000,210.330000,218.020000,209.800000,1305003,reg
2025-10-13T00:00:00Z,212.550000,215.640000,216.870000,211.210100,1497476,reg
2025-10-14T00:00:00Z,212.120000,223.120000,224.559000,212.120000,1453949,reg
2025-10-15T00:00:00Z,224.750000,218.430000,225.290000,215.190000,2547307,reg
2025-10-16T00:00:00Z,218.270000,213.570000,219.580000,210.700000,1846457,reg
2025-10-17T00:00:00Z,213.760000,214.760000,216.590000,212.610000,1617545,reg
2025-10-20T00:00:00Z,215.400000,218.250000,219.760000,215.400000,989241,reg
2025-10-21T00:00:00Z,217.940000,226.140000,227.320000,217.940000,1612202,reg
2025-10-22T00:00:00Z,225.400000,226.390000,227.870000,224.120000,1310127,reg
2025-10-23T00:00:00Z,225.240000,215.650000,228.950000,213.550000,2677853,reg
2025-10-24T00:00:00Z,217.130000,218.850000,220.000000,215.090000,1228056,reg
2025-10-27T00:00:00Z,219.180000,222.500000,223.810000,218.950000,1382046,reg
2025-10-28T00:00:00Z,221.070000,225.300000,226.380000,219.300000,1526497,reg
2025-10-29T00:00:00Z,229.040000,219.760000,229.270000,216.270000,1932341,reg
2025-10-30T00:00:00Z,219.250000,220.470000,224.530000,218.036100,1249070,reg
2025-10-31T00:00:00Z,220.290000,220.000000,222.666000,217.310000,1314766,reg
2025-11-03T00:00:00Z,218.860000,215.610000,219.615000,210.010000,1895480,reg
2025-11-04T00:00:00Z,213.690000,212.130000,216.879900,210.390000,1528490,reg
2025-11-05T00:00:00Z,210.480000,213.810000,215.560000,208.440000,1678300,reg
2025-11-06T00:00:00Z,215.180000,219.700000,222.515000,213.150000,4325099,reg
2025-11-07T00:00:00Z,247.000000,258.250000,264.200000,245.770000,7653631,reg
2025-11-10T00:00:00Z,262.300000,268.040000,270.220000,260.580000,3311551,reg
2025-11-11T00:00:00Z,268.000000,265.320000,269.390000,264.150000,2398708,reg
2025-11-12T00:00:00Z,268.200000,273.650000,277.230000,267.080000,2684290,reg
2025-11-13T00:00:00Z,272.795000,267.350000,279.610000,266.195000,2659496,reg
2025-11-14T00:00:00Z,266.750000,264.660000,267.900000,260.360000,2112468,reg
2025-11-17T00:00:00Z,263.790000,244.160000,266.200000,241.500000,5045358,reg
2025-11-18T00:00:00Z,242.020000,240.000000,247.800000,239.775000,3029410,reg
2025-11-19T00:00:00Z,240.770000,239.960000,244.130000,238.020000,2068330,reg
2025-11-20T00:00:00Z,242.510000,234.770000,243.670000,234.340000,1893970,reg
2025-11-21T00:00:00Z,238.760000,247.490000,248.950000,237.694000,4870513,reg
2025-11-24T00:00:00Z,247.900000,249.140000,252.300000,247.490000,2912033,reg
2025-11-25T00:00:00Z,251.670000,258.140000,258.830000,250.515000,3152581,reg
2025-11-26T00:00:00Z,257.530000,257.620000,259.870000,256.600000,1246671,reg
2025-11-28T00:00:00Z,257.730000,255.690000,258.505000,254.730000,774063,reg
2025-12-01T00:00:00Z,254.500000,258.950000,259.380000,253.340000,1402388,reg
2025-12-02T00:00:00Z,260.000000,263.700000,264.400000,255.800000,2654172,reg
2025-12-03T00:00:00Z,263.930000,262.420000,266.000000,260.570000,1255887,reg
2025-12-04T00:00:00Z,260.665000,258.380000,263.627500,257.630000,1817000,reg
2025-12-05T00:00:00Z,260.020000,263.430000,266.060000,258.510000,1754274,reg
2025-12-08T00:00:00Z,263.630000,264.410000,265.840000,260.260000,1824537,reg
2025-12-09T00:00:00Z,264.410000,261.270000,265.410000,261.030000,1272288,reg
2025-12-10T00:00:00Z,263.250000,274.070000,275.400000,262.375000,2539811,reg
2025-12-11T00:00:00Z,273.560000,281.150000,282.962500,273.190000,2309307,reg
2025-12-12T00:00:00Z,281.490000,274.210000,282.530000,273.770000,1490290,reg
2025-12-15T00:00:00Z,277.020000,283.450000,287.480000,276.070000,2158094,reg
2025-12-16T00:00:00Z,283.460000,285.020000,289.985000,281.880000,2476001,reg
2025-12-17T00:00:00Z,282.970000,282.820000,287.330000,280.230000,1759450,reg
2025-12-18T00:00:00Z,287.430000,285.590000,289.890000,284.710000,2012018,reg
2025-12-19T00:00:00Z,286.630000,289.250000,292.420000,286.010000,3050543,reg
2025-12-22T00:00:00Z,291.580000,289.290000,291.580000,286.185000,1154390,reg
2025-12-23T00:00:00Z,288.410000,288.230000,291.360000,287.460000,1184986,reg
2025-12-24T00:00:00Z,287.345000,286.570000,288.786800,286.145000,324579,reg
2025-12-26T00:00:00Z,287.000000,287.560000,289.320000,286.480000,534040,reg
2025-12-29T00:00:00Z,286.460000,286.820000,288.000000,285.330000,971986,reg
2025-12-30T00:00:00Z,286.640000,285.000000,288.130000,284.810000,767738,reg
2025-12-31T00:00:00Z,284.550000,283.310000,286.460000,282.430000,946811,reg
2026-01-02T00:00:00Z,283.020000,282.940000,284.155000,278.330000,1927598,reg
2026-01-05T00:00:00Z,282.940000,287.470000,289.505000,277.250000,1127826,reg
2026-01-06T00:00:00Z,286.935000,299.210000,300.000000,286.935000,1818249,reg
2026-01-07T00:00:00Z,297.900000,297.180000,300.460000,295.685000,1364298,reg
2026-01-08T00:00:00Z,297.220000,301.310000,302.350000,295.000000,1651851,reg
2026-01-09T00:00:00Z,303.300000,296.330000,303.800000,294.510000,1144336,reg
2026-01-12T00:00:00Z,293.275000,291.530000,294.135000,288.630000,1239347,reg
2026-01-13T00:00:00Z,291.530000,299.970000,300.310000,291.000000,1314992,reg
2026-01-14T00:00:00Z,299.060000,290.760000,299.515000,281.450000,1824703,reg
2026-01-15T00:00:00Z,291.700000,294.280000,297.240000,291.700000,1321200,reg
2026-01-16T00:00:00Z,294.030000,285.110000,295.320000,284.220000,1631282,reg
2026-01-20T00:00:00Z,276.735000,272.150000,279.130000,271.400000,2341571,reg
2026-01-21T00:00:00Z,270.815000,271.560000,274.550000,265.010000,2396044,reg
2026-01-22T00:00:00Z,273.990000,279.660000,283.700000,273.920000,1867590,reg
2026-01-23T00:00:00Z,276.460000,271.140000,279.609900,269.480000,1577704,reg
2026-01-26T00:00:00Z,272.600000,269.490000,274.161800,268.700000,1873382,reg
2026-01-27T00:00:00Z,268.610000,266.740000,271.600000,265.645000,2138089,reg
2026-01-28T00:00:00Z,266.740000,265.760000,272.205000,265.540000,1500573,reg
2026-01-29T00:00:00Z,267.940000,272.770000,276.540000,267.490000,2166060,reg
2026-01-30T00:00:00Z,272.770000,264.840000,272.980000,262.360000,1855105,reg
2026-02-02T00:00:00Z,269.470000,276.670000,279.220000,269.030000,2202239,reg
2026-02-03T00:00:00Z,275.530000,234.460000,280.510000,230.780000,6845333,reg
2026-02-04T00:00:00Z,233.010000,236.480000,237.610000,221.930000,4455828,reg
2026-02-05T00:00:00Z,235.680000,231.300000,240.680000,229.910000,2490869,reg
2026-02-06T00:00:00Z,232.550000,236.850000,239.370000,231.810000,3285458,reg
2026-02-09T00:00:00Z,235.250000,236.450000,241.480000,234.570000,2957302,reg
2026-02-10T00:00:00Z,235.900000,241.540000,248.689900,234.110000,3326367,reg
2026-02-11T00:00:00Z,241.560000,233.600000,245.840000,233.160000,3380748,reg
2026-02-12T00:00:00Z,239.385000,227.240000,248.145000,219.635000,6143503,reg
2026-02-13T00:00:00Z,212.000000,212.670000,218.920000,203.925000,6148995,reg
2026-02-17T00:00:00Z,212.010000,200.420000,212.170000,198.330000,5687589,reg
2026-02-18T00:00:00Z,199.010000,203.790000,207.220000,197.990000,4171799,reg
2026-02-19T00:00:00Z,201.710000,199.760000,201.710000,192.920000,5044950,reg
2026-02-20T00:00:00Z,199.860000,203.480000,206.530000,196.510000,3601459,reg
2026-02-23T00:00:00Z,199.945000,188.510000,200.370000,185.340000,4790778,reg
2026-02-24T00:00:00Z,190.180000,198.120000,199.490000,189.840000,3597667,reg
2026-02-25T00:00:00Z,202.160000,203.740000,204.660000,197.825000,2988015,reg
2026-02-26T00:00:00Z,204.940000,217.930000,218.360000,204.895000,4058343,reg
2026-02-27T00:00:00Z,209.910000,215.690000,217.620000,207.645000,3820980,reg
2026-03-02T00:00:00Z,208.310000,213.240000,215.838500,203.180000,3179626,reg
2026-03-03T00:00:00Z,205.960000,215.140000,217.740000,205.445000,2090485,reg
2026-03-04T00:00:00Z,218.320000,221.730000,224.875000,217.010000,2442953,reg
2026-03-05T00:00:00Z,235.000000,251.540000,252.230000,235.000000,8061135,reg
2026-03-06T00:00:00Z,243.110000,249.620000,251.920000,238.181200,3619263,reg
2026-03-09T00:00:00Z,243.360000,241.540000,245.780000,229.830000,3042504,reg
2026-03-10T00:00:00Z,240.830000,231.660000,241.000000,226.250000,2383133,reg
2026-03-11T00:00:00Z,232.960000,230.350000,237.317500,224.130000,1601193,reg
2026-03-12T00:00:00Z,228.020000,227.650000,230.975000,226.340000,1283831,reg
2026-03-13T00:00:00Z,229.740000,228.370000,234.265000,226.400000,1197025,reg
2026-03-16T00:00:00Z,229.360000,231.460000,233.800000,229.160000,1539863,reg
2026-03-17T00:00:00Z,236.190000,241.250000,247.855000,235.660000,2047370,reg
2026-03-18T00:00:00Z,236.890000,240.040000,242.302500,234.945000,1357057,reg
2026-03-19T00:00:00Z,232.790000,239.410000,244.060000,232.790000,1741950,reg
2026-03-20T00:00:00Z,238.530000,235.180000,238.930000,230.350000,4866962,reg
2026-03-23T00:00:00Z,238.950000,236.650000,242.080000,234.140000,1992504,reg
2026-03-24T00:00:00Z,235.230000,236.990000,237.900000,227.700000,1704629,reg
2026-03-25T00:00:00Z,237.340000,236.260000,245.535000,230.600000,1508561,reg
2026-03-26T00:00:00Z,232.980000,232.840000,238.160000,230.725000,1189909,reg
2026-03-27T00:00:00Z,233.315000,225.810000,234.260000,221.300000,1165015,reg
2026-03-30T00:00:00Z,235.175000,226.510000,236.430000,225.655000,1568953,reg
2026-03-31T00:00:00Z,228.950000,230.890000,234.060000,223.900000,1939079,reg
2026-04-01T00:00:00Z,232.660000,227.670000,234.640000,220.674100,1623165,reg
2026-04-02T00:00:00Z,220.770000,225.300000,230.530000,218.650000,1642947,reg
2026-04-06T00:00:00Z,225.540000,229.040000,229.280000,223.520000,1384469,reg
2026-04-07T00:00:00Z,226.620000,224.300000,229.899900,223.320000,1979677,reg
2026-04-08T00:00:00Z,240.000000,236.900000,249.739900,236.400000,1990276,reg
2026-04-09T00:00:00Z,234.965000,230.260000,235.725000,225.630000,1549630,reg
2026-04-10T00:00:00Z,231.580000,228.090000,233.670000,224.910000,1385475,reg
2026-04-13T00:00:00Z,226.970000,240.210000,240.370000,224.730000,2101891,reg
2026-04-14T00:00:00Z,244.620000,248.570000,252.121000,243.365000,2111692,reg
2026-04-15T00:00:00Z,249.290000,257.440000,259.500000,248.695000,1426623,reg
2026-04-16T00:00:00Z,259.610000,254.430000,261.310000,252.660000,1064429,reg
2026-04-17T00:00:00Z,262.210000,265.840000,269.650000,260.650000,1882484,reg
2026-04-20T00:00:00Z,264.990000,273.240000,273.540000,263.276100,1486220,reg
2026-04-21T00:00:00Z,273.805000,273.800000,279.761300,271.120000,1535298,reg
2026-04-22T00:00:00Z,274.830000,264.600000,275.770000,262.140000,1509623,reg
2026-04-23T00:00:00Z,256.495000,250.370000,257.495000,246.270000,1697259,reg
2026-04-24T00:00:00Z,248.500000,251.440000,253.430000,247.390000,876104,reg
2026-04-27T00:00:00Z,247.840000,245.220000,252.540000,244.860000,1195848,reg
2026-04-28T00:00:00Z,244.700000,242.170000,247.195000,238.000000,1698891,reg
2026-04-29T00:00:00Z,234.395000,250.570000,252.020000,233.500000,2029560,reg
2026-04-30T00:00:00Z,251.110000,248.370000,254.720000,247.675000,1229855,reg
2026-05-01T00:00:00Z,250.520000,251.840000,252.890000,247.070000,711553,reg
2026-05-04T00:00:00Z,252.300000,246.500000,255.110000,246.390000,986468,reg
2026-05-05T00:00:00Z,248.210000,248.650000,251.350000,244.750000,1029250,reg
2026-05-06T00:00:00Z,257.350000,246.660000,257.350000,243.610000,1796806,reg
2026-05-07T00:00:00Z,247.220000,252.790000,255.050000,244.040000,3292395,reg
2026-05-08T00:00:00Z,232.510000,229.980000,238.320000,226.700000,4189786,reg
2026-05-11T00:00:00Z,224.930000,221.460000,230.830000,219.440000,2937646,reg
2026-05-12T00:00:00Z,222.590000,221.480000,224.725000,220.120000,1864649,reg
2026-05-13T00:00:00Z,219.280000,217.550000,221.260000,214.510000,1974117,reg
2026-05-14T00:00:00Z,216.890000,217.170000,220.930000,214.345000,1318846,reg
2026-05-15T00:00:00Z,216.500000,217.730000,221.160000,215.070000,1379817,reg
2026-05-18T00:00:00Z,215.540000,214.990000,221.315000,213.520000,1592203,reg
2026-05-19T00:00:00Z,216.490000,215.000000,223.779900,213.350000,1838227,reg
2026-05-20T00:00:00Z,214.850000,217.590000,218.095000,206.350000,1706737,reg
2026-05-21T00:00:00Z,214.000000,218.120000,219.240000,210.010000,1282853,reg
2026-05-22T00:00:00Z,218.180000,214.650000,221.310000,210.850000,1550011,reg
2026-05-26T00:00:00Z,213.950000,222.970000,223.590000,213.690000,1611318,reg
2026-05-27T00:00:00Z,224.980000,226.560000,232.080000,224.190000,1394237,reg
2026-05-28T00:00:00Z,226.390000,227.550000,229.170000,223.230100,975405,reg
2026-05-29T00:00:00Z,229.210000,225.790000,229.905000,224.340000,2209458,reg
2026-06-01T00:00:00Z,228.480000,228.370000,230.310000,221.540000,1483442,reg
2026-06-02T00:00:00Z,226.520000,226.370000,227.490000,219.530000,1303449,reg
2026-06-03T00:00:00Z,225.250000,225.410000,228.380000,223.360000,1602725,reg
2026-06-04T00:00:00Z,227.250000,227.180000,234.450000,225.600000,1479623,reg
2026-06-05T00:00:00Z,228.000000,228.880000,234.450000,227.180000,1838415,reg
2026-06-08T00:00:00Z,227.875000,225.900000,229.660000,223.890000,1275752,reg
2026-06-09T00:00:00Z,225.900000,231.060000,234.840000,225.900000,1481116,reg
2026-06-10T00:00:00Z,231.300000,218.940000,231.300000,218.500000,1798913,reg
2026-06-11T00:00:00Z,218.700000,224.660000,224.965000,216.175000,1158604,reg
2026-06-12T00:00:00Z,226.350000,224.890000,229.740000,220.490000,1257940,reg
2026-06-15T00:00:00Z,229.900000,236.980000,239.490000,229.225000,1675437,reg
2026-06-16T00:00:00Z,237.090000,243.560000,246.500000,237.090000,1778871,reg
2026-06-17T00:00:00Z,241.880000,239.470000,244.355000,238.810000,1174554,reg
2026-06-18T00:00:00Z,242.050000,240.900000,243.760000,238.850000,3024202,reg
2026-06-22T00:00:00Z,239.680000,238.020000,242.445000,232.520000,1581360,reg
2026-06-23T00:00:00Z,237.975000,245.070000,245.585000,237.975000,1692105,reg
2026-06-24T00:00:00Z,248.450000,262.150000,270.510000,247.810000,3038257,reg
2026-06-25T00:00:00Z,260.250000,250.950000,262.885000,250.545000,1766449,reg
2026-06-26T00:00:00Z,250.120000,262.800000,264.790000,249.280000,2154170,reg
2026-06-29T00:00:00Z,265.000000,265.280000,271.590000,262.142500,1520491,reg
2026-06-30T00:00:00Z,260.690000,255.880000,262.320000,253.850000,1310713,reg
2026-07-01T00:00:00Z,261.980000,264.540000,268.480000,256.475000,1149331,reg
2026-07-02T00:00:00Z,265.570000,268.690000,269.389900,263.250000,1247189,reg
2026-07-06T00:00:00Z,268.690000,266.760000,270.530000,263.900000,1362069,reg
2026-07-07T00:00:00Z,271.540000,269.870000,275.810000,268.670000,1239378,reg
2026-07-08T00:00:00Z,266.050000,260.310000,267.000000,254.677900,1502184,reg
2026-07-09T00:00:00Z,259.600000,267.780000,268.510000,253.660000,2322514,reg
2026-07-10T00:00:00Z,267.780000,270.830000,273.150000,267.310000,1026060,reg
2026-07-13T00:00:00Z,270.620000,265.630000,274.690000,263.500000,1605817,reg
2026-07-14T00:00:00Z,262.030000,266.280000,271.880800,260.001000,1082774,reg
2026-07-15T00:00:00Z,266.670000,267.110000,271.640000,263.835000,1373223,reg
2026-07-16T00:00:00Z,270.640000,270.950000,272.400000,263.120000,1316505,reg
2026-07-17T00:00:00Z,269.310000,268.770000,273.000000,264.600000,1596698,reg
2026-07-20T00:00:00Z,268.030000,265.080000,269.580000,263.537500,1616287,reg
2026-07-21T00:00:00Z,264.110000,264.940000,268.990000,260.250000,1975191,reg
2026-07-22T00:00:00Z,265.830000,261.080000,266.282500,259.655000,915826,reg
2026-07-23T00:00:00Z,257.100000,257.610000,260.200000,251.120000,1213654,reg
2026-07-24T00:00:00Z,259.520000,259.940000,266.600000,258.250000,1231271,reg
2026-07-27T00:00:00Z,265.010000,278.370000,280.755000,265.010000,1273156,reg
2026-07-28T00:00:00Z,282.430000,295.790000,296.650000,279.915000,1446914,reg
2026-07-29T00:00:00Z,291.540000,304.270000,312.400000,290.640000,2495641,reg
2026-07-30T00:00:00Z,299.560000,292.930000,301.080000,287.160000,1737060,reg
2026-07-31T00:00:00Z,290.440000,294.740000,297.365000,287.650000,1124823,reg
2026-08-03T00:00:00Z,303.420000,298.030000,307.237500,297.800000,2169038,reg
2026-08-04T00:00:00Z,300.080000,312.060000,312.750000,298.700000,2207246,reg
2026-08-05T00:00:00Z,323.000000,319.660000,326.990000,313.460000,3018166,reg
2026-08-06T00:00:00Z,325.000000,306.570000,331.310000,305.920000,2334929,reg
2026-08-07T00:00:00Z,311.480000,310.680000,314.790000,304.850000,1620113,reg
