begins_at,open_price,close_price,high_price,low_price,volume,session
2025-08-01T00:00:00Z,27.620000,28.290000,28.416700,27.320200,1033497,reg
2025-08-04T00:00:00Z,28.640000,29.330000,29.800000,28.260000,1542464,reg
2025-08-05T00:00:00Z,30.990000,32.850000,33.330100,29.700000,2522780,reg
2025-08-06T00:00:00Z,33.200000,34.150000,34.440000,32.900000,1383476,reg
2025-08-07T00:00:00Z,34.340000,33.710000,34.489900,32.830000,1075191,reg
2025-08-08T00:00:00Z,33.800000,33.910000,34.130000,33.500000,944855,reg
2025-08-11T00:00:00Z,33.840000,34.170000,34.200000,33.210000,562888,reg
2025-08-12T00:00:00Z,34.450000,35.690000,35.770000,34.120000,739692,reg
2025-08-13T00:00:00Z,35.700000,36.850000,36.960000,35.645000,560282,reg
2025-08-14T00:00:00Z,36.400000,37.280000,37.340000,35.910100,529206,reg
2025-08-15T00:00:00Z,37.470000,37.450000,37.910000,37.185000,482956,reg
2025-08-18T00:00:00Z,37.450000,37.480000,37.780000,36.865000,489179,reg
2025-08-19T00:00:00Z,37.410000,37.060000,37.410000,36.470000,475551,reg
2025-08-20T00:00:00Z,37.060000,37.220000,37.280000,36.390000,316457,reg
2025-08-21T00:00:00Z,36.880000,37.150000,37.220000,36.470000,1105765,reg
2025-08-22T00:00:00Z,37.330000,38.540000,38.630000,37.010800,1080775,reg
2025-08-25T00:00:00Z,38.540000,37.800000,38.880000,37.530000,834388,reg
2025-08-26T00:00:00Z,37.760000,38.270000,38.400000,37.504900,685853,reg
2025-08-27T00:00:00Z,38.210000,38.200000,38.310000,37.580000,976382,reg
2025-08-28T00:00:00Z,38.250000,38.720000,39.380000,38.120000,861068,reg
2025-08-29T00:00:00Z,38.860000,38.930000,39.250000,38.540000,848100,reg
2025-09-02T00:00:00Z,38.350000,37.570000,38.660000,37.450000,621598,reg
2025-09-03T00:00:00Z,37.530000,38.020000,38.090000,37.105000,592852,reg
2025-09-04T00:00:00Z,37.540000,37.050000,37.970000,36.010000,1117037,reg
2025-09-05T00:00:00Z,36.930000,36.880000,37.240000,35.780000,1020967,reg
2025-09-08T00:00:00Z,36.980000,35.730000,37.200000,35.690000,901306,reg
2025-09-09T00:00:00Z,35.700000,35.640000,35.930000,35.210000,451528,reg
2025-09-10T00:00:00Z,35.350000,35.170000,35.970000,34.890000,1154783,reg
2025-09-11T00:00:00Z,35.070000,32.900000,35.070000,32.520000,1385262,reg
2025-09-12T00:00:00Z,33.130000,32.760000,33.460000,32.750000,1017022,reg
2025-09-15T00:00:00Z,32.990000,32.170000,33.090000,31.840000,963497,reg
2025-09-16T00:00:00Z,32.360000,33.070000,33.090000,32.010000,721118,reg
2025-09-17T00:00:00Z,33.210000,35.130000,35.370000,33.210000,1404668,reg
2025-09-18T00:00:00Z,35.520000,34.560000,35.689900,34.020000,1058955,reg
2025-09-19T00:00:00Z,34.870000,34.550000,35.130000,34.220000,1882977,reg
2025-09-22T00:00:00Z,34.140000,33.920000,34.315000,33.120000,696009,reg
2025-09-23T00:00:00Z,33.690000,32.370000,33.690000,32.070000,1110536,reg
2025-09-24T00:00:00Z,32.600000,31.670000,32.720000,31.650000,597139,reg
2025-09-25T00:00:00Z,31.390000,31.010000,31.750000,30.870000,393859,reg
2025-09-26T00:00:00Z,31.120000,31.250000,31.460000,30.640000,963156,reg
2025-09-29T00:00:00Z,31.550000,31.070000,31.645000,30.860000,1102139,reg
2025-09-30T00:00:00Z,31.200000,30.600000,31.240000,30.000000,651210,reg
2025-10-01T00:00:00Z,30.460000,30.650000,30.890000,30.260000,775082,reg
2025-10-02T00:00:00Z,30.980000,31.060000,31.330000,30.650000,1018103,reg
2025-10-03T00:00:00Z,30.960000,32.480000,32.905000,30.892000,968692,reg
2025-10-06T00:00:00Z,32.660000,33.000000,33.300000,32.310000,742575,reg
2025-10-07T00:00:00Z,33.130000,32.330000,33.535000,32.310000,1018791,reg
2025-10-08T00:00:00Z,32.760000,31.950000,32.760000,31.630000,469600,reg
2025-10-09T00:00:00Z,32.040000,31.910000,32.250000,31.835000,312505,reg
2025-10-10T00:00:00Z,31.780000,30.300000,31.940000,30.110000,624276,reg
2025-10-13T00:00:00Z,30.470000,28.650000,30.560000,28.590000,1207286,reg
2025-10-14T00:00:00Z,28.370000,29.500000,29.810000,28.190000,881438,reg
2025-10-15T00:00:00Z,29.620000,29.810000,30.460000,29.620000,683134,reg
2025-10-16T00:00:00Z,29.760000,28.990000,30.170000,28.920000,1029310,reg
2025-10-17T00:00:00Z,29.190000,29.330000,29.550000,28.830000,1086902,reg
2025-10-20T00:00:00Z,29.500000,29.420000,30.070000,29.340000,486758,reg
2025-10-21T00:00:00Z,29.250000,30.090000,30.660000,29.230000,575859,reg
2025-10-22T00:00:00Z,29.960000,30.220000,30.730000,29.860000,552856,reg
2025-10-23T00:00:00Z,30.400000,30.790000,30.890000,30.200000,536679,reg
2025-10-24T00:00:00Z,31.030000,31.200000,31.660000,30.920000,430762,reg
2025-10-27T00:00:00Z,31.650000,31.380000,31.780000,31.230000,433430,reg
2025-10-28T00:00:00Z,31.300000,30.650000,31.521000,30.310000,616097,reg
2025-10-29T00:00:00Z,30.350000,29.420000,30.440000,29.300000,623149,reg
2025-10-30T00:00:00Z,29.420000,28.510000,29.740000,28.400000,492711,reg
2025-10-31T00:00:00Z,28.600000,28.600000,29.070000,28.070000,738676,reg
2025-11-03T00:00:00Z,28.660000,28.610000,29.000000,27.930000,1233070,reg
2025-11-04T00:00:00Z,33.670000,36.100000,36.269900,33.020000,2681757,reg
2025-11-05T00:00:00Z,35.690000,35.470000,35.980000,34.540000,1053031,reg
2025-11-06T00:00:00Z,35.590000,36.140000,36.609900,34.790000,918572,reg
2025-11-07T00:00:00Z,36.490000,37.460000,37.570000,35.990000,891690,reg
2025-11-10T00:00:00Z,37.500000,37.790000,38.040000,36.940000,796124,reg
2025-11-11T00:00:00Z,37.970000,37.730000,38.020000,37.450000,480100,reg
2025-11-12T00:00:00Z,38.050000,36.780000,38.250000,36.750000,598048,reg
2025-11-13T00:00:00Z,36.510000,37.570000,37.580000,36.103000,830364,reg
2025-11-14T00:00:00Z,37.150000,37.700000,38.210000,36.672600,830212,reg
2025-11-17T00:00:00Z,37.650000,36.840000,37.960000,36.830000,529442,reg
2025-11-18T00:00:00Z,36.320000,34.580000,36.440000,34.100000,922824,reg
2025-11-19T00:00:00Z,34.650000,34.680000,34.860000,33.720000,755586,reg
2025-11-20T00:00:00Z,35.080000,32.650000,35.155000,32.420000,843677,reg
2025-11-21T00:00:00Z,32.590000,33.410000,33.420000,31.990000,590820,reg
2025-11-24T00:00:00Z,33.310000,33.080000,33.410000,32.670000,688709,reg
2025-11-25T00:00:00Z,33.000000,34.280000,34.360000,33.000000,588453,reg
2025-11-26T00:00:00Z,34.470000,34.200000,34.770000,34.090100,436367,reg
2025-11-28T00:00:00Z,34.500000,34.720000,35.020000,34.370000,280779,reg
2025-12-01T00:00:00Z,34.500000,34.530000,35.180000,34.250000,322062,reg
2025-12-02T00:00:00Z,34.620000,34.680000,35.160000,34.260000,510238,reg
2025-12-03T00:00:00Z,34.650000,34.840000,35.105000,34.510000,396095,reg
2025-12-04T00:00:00Z,35.000000,36.500000,36.680000,34.840000,822403,reg
2025-12-05T00:00:00Z,36.220000,35.190000,36.960000,35.170000,417228,reg
2025-12-08T00:00:00Z,35.370000,35.060000,35.690000,34.930000,435267,reg
2025-12-09T00:00:00Z,35.090000,35.050000,36.170000,34.960000,339065,reg
2025-12-10T00:00:00Z,34.770000,34.820000,35.260000,34.060000,495033,reg
2025-12-11T00:00:00Z,34.080000,32.920000,34.450000,32.580000,1009494,reg
2025-12-12T00:00:00Z,32.970000,32.000000,33.175000,31.810000,877284,reg
2025-12-15T00:00:00Z,32.020000,30.240000,32.153600,30.170000,900565,reg
2025-12-16T00:00:00Z,30.360000,30.760000,30.815000,30.350000,954723,reg
2025-12-17T00:00:00Z,30.710000,29.990000,31.070000,29.580000,788732,reg
2025-12-18T00:00:00Z,30.450000,30.280000,31.000000,29.930000,1530036,reg
2025-12-19T00:00:00Z,30.120000,30.100000,30.739000,29.840000,1610369,reg
2025-12-22T00:00:00Z,30.110000,31.130000,31.350000,30.035000,846256,reg
2025-12-23T00:00:00Z,31.130000,31.290000,31.350000,30.710000,544266,reg
2025-12-24T00:00:00Z,30.940000,31.620000,31.630000,30.940000,344323,reg
2025-12-26T00:00:00Z,31.520000,31.480000,31.780000,31.275000,695951,reg
2025-12-29T00:00:00Z,31.280000,31.890000,31.905000,30.950000,1493636,reg
2025-12-30T00:00:00Z,31.600000,31.350000,31.680000,31.350000,830632,reg
2025-12-31T00:00:00Z,31.310000,31.590000,31.660000,30.958800,896079,reg
2026-01-02T00:00:00Z,31.430000,28.470000,31.520000,28.210000,1435626,reg
2026-01-05T00:00:00Z,28.630000,29.570000,29.930000,28.620000,869681,reg
2026-01-06T00:00:00Z,29.780000,30.210000,30.280000,29.390000,776867,reg
2026-01-07T00:00:00Z,30.290000,30.250000,31.020000,29.990000,557621,reg
2026-01-08T00:00:00Z,30.000000,30.430000,30.530000,29.890000,635119,reg
2026-01-09T00:00:00Z,30.460000,30.320000,30.750000,30.012600,719587,reg
2026-01-12T00:00:00Z,30.250000,30.050000,30.390000,29.880000,529600,reg
2026-01-13T00:00:00Z,30.090000,29.740000,30.178000,28.950000,670513,reg
2026-01-14T00:00:00Z,29.750000,29.560000,30.305000,29.350000,604678,reg
2026-01-15T00:00:00Z,29.740000,29.310000,29.910000,29.095000,538571,reg
2026-01-16T00:00:00Z,29.240000,29.100000,29.240000,28.640000,376265,reg
2026-01-20T00:00:00Z,28.600000,28.410000,29.245000,28.220000,477706,reg
2026-01-21T00:00:00Z,28.700000,28.910000,29.260000,28.555000,606688,reg
2026-01-22T00:00:00Z,29.170000,29.490000,29.770000,29.170000,454694,reg
2026-01-23T00:00:00Z,29.410000,29.560000,29.680000,29.040100,350400,reg
2026-01-26T00:00:00Z,29.550000,29.560000,29.995000,29.500000,267191,reg
2026-01-27T00:00:00Z,29.620000,29.440000,29.810000,29.139000,535355,reg
2026-01-28T00:00:00Z,29.490000,28.390000,29.490000,28.070000,529764,reg
2026-01-29T00:00:00Z,28.180000,27.480000,28.540000,27.185000,703091,reg
2026-01-30T00:00:00Z,27.310000,26.730000,27.650000,26.660000,513113,reg
2026-02-02T00:00:00Z,26.610000,27.180000,27.390000,26.370000,572566,reg
2026-02-03T00:00:00Z,26.770000,24.600000,27.035000,24.560000,1007120,reg
2026-02-04T00:00:00Z,24.500000,25.130000,25.440000,23.820000,1021727,reg
2026-02-05T00:00:00Z,24.950000,24.370000,25.500000,24.040000,409375,reg
2026-02-06T00:00:00Z,24.710000,24.810000,25.085000,24.320000,803224,reg
2026-02-09T00:00:00Z,24.730000,24.830000,25.190000,24.580000,584694,reg
2026-02-10T00:00:00Z,25.120000,25.270000,25.646000,25.000000,470552,reg
2026-02-11T00:00:00Z,25.000000,24.530000,25.000000,24.250000,863964,reg
2026-02-12T00:00:00Z,24.600000,23.190000,24.720000,22.880000,936170,reg
2026-02-13T00:00:00Z,23.400000,23.100000,23.785000,22.970000,729495,reg
2026-02-17T00:00:00Z,22.980000,23.470000,23.850000,22.780000,1156092,reg
2026-02-18T00:00:00Z,23.690000,24.410000,24.580000,23.690000,505425,reg
2026-02-19T00:00:00Z,24.170000,24.450000,24.750000,23.910000,451302,reg
2026-02-20T00:00:00Z,25.420000,25.920000,26.200000,24.940000,1213850,reg
2026-02-23T00:00:00Z,25.450000,24.400000,25.565000,23.765000,2373146,reg
2026-02-24T00:00:00Z,22.020000,24.670000,24.750000,22.020000,2872939,reg
2026-02-25T00:00:00Z,24.780000,24.180000,24.990000,22.890000,1158975,reg
2026-02-26T00:00:00Z,24.490000,24.830000,25.060000,24.210000,841817,reg
2026-02-27T00:00:00Z,24.240000,24.470000,25.000000,23.900000,1023770,reg
2026-03-02T00:00:00Z,24.090000,24.740000,25.000000,23.620000,908600,reg
2026-03-03T00:00:00Z,24.190000,25.630000,25.680000,23.975000,774195,reg
2026-03-04T00:00:00Z,25.660000,25.340000,25.890000,25.300000,729554,reg
2026-03-05T00:00:00Z,25.390000,25.490000,25.870000,25.110000,641794,reg
2026-03-06T00:00:00Z,25.420000,25.840000,25.890000,24.860000,537635,reg
2026-03-09T00:00:00Z,25.510000,25.780000,25.810000,24.765000,577105,reg
2026-03-10T00:00:00Z,25.820000,26.020000,26.170100,25.180000,714610,reg
2026-03-11T00:00:00Z,26.090000,25.510000,26.690000,25.305000,585289,reg
2026-03-12T00:00:00Z,25.470000,24.120000,26.240000,24.115000,569615,reg
2026-03-13T00:00:00Z,24.180000,24.390000,24.780000,24.060000,666629,reg
2026-03-16T00:00:00Z,24.440000,24.570000,24.960000,24.320000,659410,reg
2026-03-17T00:00:00Z,24.800000,25.090000,25.655000,24.200000,361861,reg
2026-03-18T00:00:00Z,24.890000,24.830000,25.440000,24.650000,647050,reg
2026-03-19T00:00:00Z,24.700000,24.280000,25.130000,24.085000,644075,reg
2026-03-20T00:00:00Z,24.090000,24.320000,24.640000,23.565000,632320,reg
2026-03-23T00:00:00Z,24.590000,25.020000,25.200000,24.243000,623644,reg
2026-03-24T00:00:00Z,24.780000,25.080000,25.535000,24.440000,476240,reg
2026-03-25T00:00:00Z,25.460000,25.100000,25.645000,24.720000,395577,reg
2026-03-26T00:00:00Z,25.030000,25.160000,25.980000,24.995000,292325,reg
2026-03-27T00:00:00Z,24.870000,24.500000,25.190000,24.440000,510230,reg
2026-03-30T00:00:00Z,24.480000,24.660000,24.995000,24.370000,351119,reg
2026-03-31T00:00:00Z,24.990000,25.400000,25.530000,24.630000,379502,reg
2026-04-01T00:00:00Z,25.550000,24.840000,25.900000,24.660000,435668,reg
2026-04-02T00:00:00Z,24.480000,25.230000,25.595000,24.070000,270312,reg
2026-04-06T00:00:00Z,25.000000,25.350000,25.989900,24.871700,311987,reg
2026-04-07T00:00:00Z,25.030000,24.870000,25.470000,24.770000,386589,reg
2026-04-08T00:00:00Z,25.610000,24.940000,26.000000,24.780000,484120,reg
2026-04-09T00:00:00Z,24.790000,24.960000,25.060000,24.200000,399997,reg
2026-04-10T00:00:00Z,24.840000,24.360000,24.886612,24.125000,278519,reg
2026-04-13T00:00:00Z,24.260000,25.590000,25.840000,24.260000,497598,reg
2026-04-14T00:00:00Z,25.690000,25.730000,26.280000,25.520000,233591,reg
2026-04-15T00:00:00Z,25.785000,27.160000,27.220000,25.785000,388259,reg
2026-04-16T00:00:00Z,27.420000,27.980000,28.140000,27.230000,356412,reg
2026-04-17T00:00:00Z,28.260000,28.590000,28.720000,28.110000,433989,reg
2026-04-20T00:00:00Z,28.590000,28.970000,29.190000,28.430000,318953,reg
2026-04-21T00:00:00Z,29.110000,28.610000,29.770000,28.470000,464993,reg
2026-04-22T00:00:00Z,28.780000,28.990000,29.210000,28.470000,279387,reg
2026-04-23T00:00:00Z,28.620000,26.990000,28.620000,26.735000,390846,reg
2026-04-24T00:00:00Z,26.980000,27.250000,27.440000,26.650000,831127,reg
2026-04-27T00:00:00Z,27.100000,27.730000,28.060000,27.050000,374153,reg
2026-04-28T00:00:00Z,27.970000,28.000000,28.260000,27.720000,279752,reg
2026-04-29T00:00:00Z,27.790000,27.970000,28.360000,27.790000,386014,reg
2026-04-30T00:00:00Z,27.640000,28.050000,28.210000,27.520000,350864,reg
2026-05-01T00:00:00Z,28.380000,27.760000,28.950000,27.740000,591551,reg
2026-05-04T00:00:00Z,27.760000,28.620000,28.945000,27.390000,730476,reg
2026-05-05T00:00:00Z,32.530000,26.380000,32.530000,25.755000,1718797,reg
2026-05-06T00:00:00Z,26.380000,27.150000,28.070000,26.201400,728580,reg
2026-05-07T00:00:00Z,27.320000,27.850000,28.110000,27.320000,430152,reg
2026-05-08T00:00:00Z,27.550000,26.640000,27.550000,26.590000,307935,reg
2026-05-11T00:00:00Z,26.430000,26.670000,27.540000,26.000000,876134,reg
2026-05-12T00:00:00Z,26.670000,26.540000,26.870000,25.710000,687498,reg
2026-05-13T00:00:00Z,26.170000,24.660000,26.390000,24.660000,564496,reg
2026-05-14T00:00:00Z,24.750000,24.820000,25.365000,24.275000,628962,reg
2026-05-15T00:00:00Z,24.920000,24.280000,25.050000,24.190000,473296,reg
2026-05-18T00:00:00Z,24.250000,24.430000,24.940000,24.100000,598432,reg
2026-05-19T00:00:00Z,24.640000,24.140000,24.820000,23.790000,761781,reg
2026-05-20T00:00:00Z,24.010000,24.430000,24.600000,23.455000,647792,reg
2026-05-21T00:00:00Z,24.110000,23.480000,24.270000,23.130000,932069,reg
2026-05-22T00:00:00Z,23.480000,23.450000,24.010000,23.160000,741085,reg
2026-05-26T00:00:00Z,23.240000,23.240000,23.680000,23.035000,578649,reg
2026-05-27T00:00:00Z,23.120000,23.290000,23.965000,22.840000,485409,reg
2026-05-28T00:00:00Z,23.190000,23.250000,23.600000,22.950000,1243222,reg
2026-05-29T00:00:00Z,23.570000,23.490000,23.570000,22.980000,900607,reg
2026-06-01T00:00:00Z,23.730000,24.260000,24.380000,23.520000,1340116,reg
2026-06-02T00:00:00Z,24.000000,22.350000,24.000000,21.820000,1239387,reg
2026-06-03T00:00:00Z,22.000000,21.110000,22.265000,20.735000,1043906,reg
2026-06-04T00:00:00Z,21.470000,21.170000,21.685000,21.070000,709655,reg
2026-06-05T00:00:00Z,21.280000,20.900000,21.380000,20.520000,1174104,reg
2026-06-08T00:00:00Z,20.770000,20.530000,21.090000,20.440000,709618,reg
2026-06-09T00:00:00Z,20.350000,21.110000,21.330000,20.330000,1243937,reg
2026-06-10T00:00:00Z,20.960000,21.000000,21.370000,20.676400,791709,reg
2026-06-11T00:00:00Z,20.820000,20.690000,21.040000,20.390100,628758,reg
2026-06-12T00:00:00Z,20.780000,21.120000,21.270000,20.500000,725362,reg
2026-06-15T00:00:00Z,21.250000,21.240000,21.710000,20.870000,950232,reg
2026-06-16T00:00:00Z,21.580000,21.840000,22.250000,21.440000,792073,reg
2026-06-17T00:00:00Z,21.740000,20.940000,22.240000,20.755000,906591,reg
2026-06-18T00:00:00Z,20.910000,21.070000,21.310000,20.650000,1113727,reg
2026-06-22T00:00:00Z,20.890000,20.210000,21.390000,20.110000,709215,reg
2026-06-23T00:00:00Z,20.210000,20.560000,20.600000,20.140000,998298,reg
2026-06-24T00:00:00Z,20.670000,21.730000,21.830000,20.670000,794974,reg
2026-06-25T00:00:00Z,21.650000,21.270000,21.975000,21.080000,876197,reg
2026-06-26T00:00:00Z,21.250000,23.430000,23.500000,21.240000,11410297,reg
2026-06-29T00:00:00Z,23.300000,24.010000,24.415000,23.250000,1337717,reg
2026-06-30T00:00:00Z,23.990000,24.160000,24.640000,23.717300,1177286,reg
2026-07-01T00:00:00Z,24.730000,25.410000,25.840000,24.550000,1133906,reg
2026-07-02T00:00:00Z,25.630000,27.060000,27.110000,25.630000,1134133,reg
2026-07-06T00:00:00Z,26.840000,28.150000,28.275000,26.772500,879924,reg
2026-07-07T00:00:00Z,28.440000,28.510000,28.920000,28.100000,1297496,reg
2026-07-08T00:00:00Z,28.100000,28.020000,28.350000,27.460000,1048664,reg
2026-07-09T00:00:00Z,28.210000,28.270000,28.320000,27.010000,862742,reg
2026-07-10T00:00:00Z,27.970000,28.230000,29.390000,27.970000,1369344,reg
2026-07-13T00:00:00Z,28.560000,28.940000,29.290000,28.450000,812849,reg
2026-07-14T00:00:00Z,28.300000,28.280000,29.040000,28.270000,910877,reg
2026-07-15T00:00:00Z,28.670000,29.000000,29.527400,28.330000,760419,reg
2026-07-16T00:00:00Z,29.350000,29.640000,30.030000,29.285000,797409,reg
2026-07-17T00:00:00Z,29.050000,29.780000,29.860000,28.710000,708665,reg
2026-07-20T00:00:00Z,29.450000,29.670000,30.280000,29.010000,646241,reg
2026-07-21T00:00:00Z,29.170000,29.620000,29.860000,28.750200,482797,reg
2026-07-22T00:00:00Z,29.770000,29.050000,29.900000,28.770000,1100553,reg
2026-07-23T00:00:00Z,28.820000,28.760000,29.145000,28.180000,739870,reg
2026-07-24T00:00:00Z,29.090000,28.870000,29.280000,28.675000,445987,reg
2026-07-27T00:00:00Z,29.330000,31.480000,31.580000,29.020000,1102418,reg
2026-07-28T00:00:00Z,31.780000,34.140000,34.310000,31.715000,1329046,reg
2026-07-29T00:00:00Z,34.020000,36.700000,36.720000,33.910000,1361636,reg
2026-07-30T00:00:00Z,34.940000,34.870000,36.260000,34.143000,1890027,reg
2026-07-31T00:00:00Z,34.080000,34.100000,34.800000,32.410000,1570759,reg
2026-08-03T00:00:00Z,34.300000,34.520000,35.850000,33.945000,1347223,reg
2026-08-04T00:00:00Z,40.480000,44.600000,45.310000,37.240000,4597710,reg
2026-08-05T00:00:00Z,43.130000,40.000000,43.680000,39.520000,2766925,reg
2026-08-06T00:00:00Z,39.600000,40.120000,40.710000,38.680000,828506,reg
2026-08-07T00:00:00Z,40.000000,38.570000,40.440000,38.150000,705379,reg
2026-08-10T00:00:00Z,38.240000,38.990000,39.679900,38.150000,421588,reg
2026-08-11T00:00:00Z,38.410000,40.610000,40.820000,38.250000,996296,reg
2026-08-12T00:00:00Z,40.610000,40.360000,40.900000,39.450000,730391,reg
2026-08-13T00:00:00Z,40.790000,42.190000,42.770000,40.440000,922677,reg
2026-08-14T00:00:00Z,42.170000,41.860000,42.500000,40.800000,578010,reg
2026-08-17T00:00:00Z,41.420000,40.660000,41.880000,40.560000,521461,reg
2026-08-18T00:00:00Z,40.690000,38.320000,40.690000,38.320000,1944266,reg
2026-08-19T00:00:00Z,38.240000,39.570000,39.570000,38.100000,1452209,reg
2026-08-20T00:00:00Z,39.470000,38.420000,39.965000,38.410000,1023108,reg
2026-08-21T00:00:00Z,38.280000,40.000000,40.458000,37.700000,1484145,reg
2026-08-24T00:00:00Z,40.100000,39.940000,40.600000,39.770000,966258,reg
2026-08-25T00:00:00Z,39.130000,39.340000,39.630000,37.810100,1022582,reg
2026-08-26T00:00:00Z,38.960000,39.430000,39.555000,38.760000,467780,reg
2026-08-27T00:00:00Z,38.730000,35.610000,39.255000,35.360000,2489146,reg
2026-08-28T00:00:00Z,35.660000,35.990000,36.660000,35.190000,1131402,reg
2026-08-31T00:00:00Z,35.680000,35.600000,35.960000,34.860000,1063024,reg
2026-09-01T00:00:00Z,35.250000,35.130000,35.930000,34.970000,1136226,reg
